Author,Title,Place of Publication,Year,Printer,Genre
Agreda y Vargas,Los mas fieles amantes Leucippe y Clitofonte,Madrid,1617,Cuesta,Prose
"Aleman, Mateo",Primaera parte de Guzman de Alfarache,Barcelona,1599,Cormellas,Prose
"Aleman, Mateo",Guzman de Alfarache,Madrid,1599,Varez de Castro,Prose
"Aleman, Mateo",Guzman de Alfarache,Zaragoza,1599,Valdivielso,Prose
"Aleman, Mateo",Guzman de Alfarache,Barcelona,1599,Cormellas,Prose
"Aleman, Mateo",Guzman de Alfarache,Barcelona,1600,Cormellas,Prose
"Aleman, Mateo",Guzman de Alfarache,Paris,1600,Bonfond,Prose
"Aleman, Mateo",Guzman de Alfarache,Bruselas,1600,Velpio,Prose
"Aleman, Mateo",Guzman de Alfarache,Madrid,1600,Varez de Castro,Prose
"Aleman, Mateo",Guzman de Alfarache,Madrid,1600,Yniquez de Lequerica,Prose
"Aleman, Mateo",Guzman de Alfarache,Coimbra,1600,Gomez,Prose
"Aleman, Mateo",Guzman de Alfarache,Lisboa,1600,Rodriguez,Prose
"Aleman, Mateo",Guzman de Alfarache,Bruselas,1600,Mommarte,Prose
"Aleman, Mateo",Guzman de Alfarache,Madrid,1601,Martinez,Prose
"Aleman, Mateo",Guzman de Alfarache,Sevilla,1602,Leon,Prose
"Aleman, Mateo",Guzman de Alfarache,Milan,1603,Bordon,Prose
"Aleman, Mateo",Guzman de Alfarache,Barcelona,1603,Cormellas,Prose
"Aleman, Mateo",Guzman de Alfarache,Zaragoza,1603,Tavano,Prose
"Aleman, Mateo",Guzman de Alfarache,Tarragona,1603,Roberto,Prose
"Aleman, Mateo",Guzman de Alfarache,Bruselas,1604,Velpio,Prose
"Aleman, Mateo",Guzman de Alfarache,Bruselas,1604,Mommarte,Prose
"Aleman, Mateo",Guzman de Alfarache,Venetia,1606,Barezzi,Prose
"Aleman, Mateo",Guzman de Alfarache,Milan,1615,Bidelo,Prose
"Aleman, Mateo",Guzman de Alfarache,Venetia,1615,,Prose
"Aleman, Mateo",Segunda parte de la vida de Guzman de Alfarache,Milan,1603,Bordon,Prose
"Aleman, Mateo",Segunda parte de la vida de Guzman de Alfarache,Salamanca,1603,Renaut,Prose
"Aleman, Mateo",Segunda parte de la vida de Guzman de Alfarache,Lisboa,1604,Crasbeeck,Prose
"Aleman, Mateo",Segunda parte de la vida de Guzman de Alfarache,Bruselas,1604,Mommarte,Prose
"Aleman, Mateo",Segunda parte de la vida de Guzman de Alfarache,Lisboa,1605,Crasbeeck,Prose
"Aleman, Mateo",Segunda parte de la vida de Guzman de Alfarache,Valencia,1605,Mey,Prose
"Aleman, Mateo",Segunda parte de la vida de Guzman de Alfarache,Barcelona,1605,Cormellas,Prose
"Aleman, Mateo",Segunda parte de la vida de Guzman de Alfarache,Milan,1615,Bidelo,Prose
"Arce Solorzano, Juan",Tragedias de amor,Madrid,1607,Cuesta,Prose
"Balbuena, Bernardo de",Siglo de Oro en las selvas de Erifile,Madrid,1608,Martin,Prose
"Cervantes Saavedra, Miguel",El ingenioso hidalgo don Quixote de la Mancha,Madrid,1605,Cuesta,Prose
"Cervantes Saavedra, Miguel",El ingenioso hidalgo don Quixote de la Mancha,Madrid,1605,Cuesta,Prose
"Cervantes Saavedra, Miguel",El ingenioso hidalgo don Quixote de la Mancha,Lisboa,1605,Rodriguez,Prose
"Cervantes Saavedra, Miguel",El ingenioso hidalgo don Quixote de la Mancha,Lisboa,1605,Crasbeeck,Prose
"Cervantes Saavedra, Miguel",El ingenioso hidalgo don Quixote de la Mancha,Valcencia,1605,Mey,Prose
"Cervantes Saavedra, Miguel",El ingenioso hidalgo don Quixote de la Mancha,Bruselas,1607,Velpio,Prose
"Cervantes Saavedra, Miguel",El ingenioso hidalgo don Quixote de la Mancha,Madrid,1608,Cuesta,Prose
"Cervantes Saavedra, Miguel",El ingenioso hidalgo don Quixote de la Mancha,Bruselas,1611,Velpio,Prose
"Cervantes Saavedra, Miguel",El ingenioso hidalgo don Quixote de la Mancha,Valencia,1616,Crasbeeck,Prose
"Cervantes Saavedra, Miguel",El ingenioso hidalgo don Quixote de la Mancha,Bruselas,1617,Antonio,Prose
"Cervantes Saavedra, Miguel",El ingenioso hidalgo don Quixote de la Mancha,Barcelona,1617,Sorita,Prose
"Cervantes Saavedra, Miguel",Los trabajos de Persiles y Sigismunda,Madrid,1617,Cuesta,Prose
"Cervantes Saavedra, Miguel",Los trabajos de Persiles y Sigismunda,Madrid,1617,Cuesta,Prose
"Cervantes Saavedra, Miguel",Los trabajos de Persiles y Sigismunda,Pamplona,1617,Assiayn,Prose
"Cervantes Saavedra, Miguel",Los trabajos de Persiles y Sigismunda,Barcelona,1617,Sorita,Prose
"Cervantes Saavedra, Miguel",Los trabajos de Persiles y Sigismunda,Valencia,1617,Mey,Prose
"Cervantes Saavedra, Miguel",Los trabajos de Persiles y Sigismunda,Paris,1617,Richer,Prose
"Cervantes Saavedra, Miguel",Los trabajos de Persiles y Sigismunda,Lisboa,1617,Rodriguez,Prose
"Cervantes Saavedra, Miguel",Los trabajos de Persiles y Sigismunda,Bruselas,1618,,Prose
"Cervantes Saavedra, Miguel",Novelas ejemplares,Madrid,1613,Cuesta,Prose
"Cervantes Saavedra, Miguel",Novelas ejemplares,Pamplona,1614,Assiayn,Prose
"Cervantes Saavedra, Miguel",Novelas ejemplares,Madrid,1614,Cuesta,Prose
"Cervantes Saavedra, Miguel",Novelas ejemplares,Bruselas,1614,Velpio,Prose
"Cervantes Saavedra, Miguel",Novelas ejemplares,Milan,1615,Bidelo,Prose
"Cervantes Saavedra, Miguel",Novelas ejemplares,Pamplona,1615,Assiayn,Prose
"Cervantes Saavedra, Miguel",Novelas ejemplares,Pamplona,1617,Assiayn,Prose
"Cervantes Saavedra, Miguel",Novelas ejemplares,Madrid,1617,,Prose
"Cervantes Saavedra, Miguel",Novelas ejemplares,Lisboa,1617,,Prose
"Cervantes Saavedra, Miguel",Novelas ejemplares,Paris,1618,Richer,Prose
"Cervantes Saavedra, Miguel",Segunda parte del ingenioso caballero don Quixote de la Mancha,Madrid,1615,Cuesta,Prose
"Cervantes Saavedra, Miguel",Segunda parte del ingenioso caballero don Quixote de la Mancha,Valencia,1616,Mey,Prose
"Cervantes Saavedra, Miguel",Segunda parte del ingenioso caballero don Quixote de la Mancha,Bruselas,1616,Antonio,Prose
"Cervantes Saavedra, Miguel",Segunda parte del ingenioso caballero don Quixote de la Mancha,Lisboa,1617,Rodriguez,Prose
"Cervantes Saavedra, Miguel",Segunda parte del ingenioso caballero don Quixote de la Mancha,Barcelona,1617,Sorita,Prose
"Cespedes y Meneses, Gonzalo",El espanol Gerardo,Madrid,1615,Sanchez,Prose
"Cespedes y Meneses, Gonzalo",El espanol Gerardo,Barcelona,1618,Cormellas,Prose
El Inca Garcilaso,Comentarios reales,Lisboa,1608,Crasbeeck,Prose
El Inca Garcilaso,Historia general del Peru,Cordoba,1616,Barrera,Prose
El Inca Garcilaso,La Florida del Inca,Lisboa,1605,Crasbeeck,Prose
El Inca Garcilaso,La Florida del Inca,Madrid,1617,Sanchez,Prose
"Espinel, Vicente",La vida del escudero Marcos de Obregon,Madrid,1618,Cuesta,Prose
"Espinel, Vicente",La vida del escudero Marcos de Obregon,Barcelona,1618,Cormellas,Prose
"Espinel, Vicente",La vida del escudero Marcos de Obregon,Paris,1618,,Prose
"Fernandez de Avellaneda, Alonso",Segundo tomo del ingenioso hidalgo Don Quixote de la Mancha,Tarragona,1614,Roberto,Prose
"Guzman, Pedro de",Historia de la entrada de la cristiandad en Japon y China,Valladolid,1613,Godinez,Prose
Herrera y Tordesillas,Decadas 1-4,Madrid,1601,,Prose
Herrera y Tordesillas,Decadas 5-8,Madrid,1615,,Prose
"Lope de Vega Carpio, Fenix",Arcadia,Madrid,1598,Sanchez,Prose
"Lope de Vega Carpio, Fenix",Arcadia,Madrid,1599,Montoya/Sanchez?,Prose
"Lope de Vega Carpio, Fenix",Arcadia,Madrid,1599,Sanchez,Prose
"Lope de Vega Carpio, Fenix",Arcadia,Barcelona,1602,Cormellas,Prose
"Lope de Vega Carpio, Fenix",Arcadia,Valencia,1602,Crisostomo,Prose
"Lope de Vega Carpio, Fenix",Arcadia,Madrid,1603,Madrigal,Prose
"Lope de Vega Carpio, Fenix",Arcadia,Madrid,1605,Cuesta,Prose
"Lope de Vega Carpio, Fenix",Arcadia,Anvers,1605,Nucio,Prose
"Lope de Vega Carpio, Fenix",Arcadia,Madrid,1611,Martin,Prose
"Lope de Vega Carpio, Fenix",Arcadia,Lerida,1612,Manescal,Prose
"Lope de Vega Carpio, Fenix",Arcadia,Barcelona,1615,Cormellas,Prose
"Lope de Vega Carpio, Fenix",Arcadia,Anvers,1617,V. de Bellero,Prose
"Lope de Vega Carpio, Fenix",Coloquio pastoril,Malaga,1615,Rene,Prose
"Lope de Vega Carpio, Fenix",Coloquio pastoril,Madrid,1615,Serrano,Prose
"Lope de Vega Carpio, Fenix",El peregrino en su patria,Madrid,1604,,Prose
"Lope de Vega Carpio, Fenix",El peregrino en su patria,Sevilla,1604,Hidalgo,Prose
"Lope de Vega Carpio, Fenix",El peregrino en su patria,Madrid,1605,,Prose
"Lope de Vega Carpio, Fenix",El peregrino en su patria,Barcelona,1604,Cormellas,Prose
"Lope de Vega Carpio, Fenix",El peregrino en su patria,Barcelona,1604,Cormellas,Prose
"Lope de Vega Carpio, Fenix",El peregrino en su patria,Barcelona,1605,Cormellas,Prose
"Lope de Vega Carpio, Fenix",El peregrino en su patria,Bruselas,1608,Velpio,Prose
"Lope de Vega Carpio, Fenix",El peregrino en su patria,Madrid,1618,Martin,Prose
"Lope de Vega Carpio, Fenix",Los pastores de Belen,Madrid,1612,Cuesta,Prose
"Lope de Vega Carpio, Fenix",Los pastores de Belen No la tengo,Lerida,1612,Manescal,Prose
"Lope de Vega Carpio, Fenix",Los pastores de Belen,Lerida,1613,,Prose
"Lope de Vega Carpio, Fenix",Los pastores de Belen,Pamplona,1612,Assiayn,Prose
"Lope de Vega Carpio, Fenix",Los pastores de Belen,Madrid,1613,Martin,Prose
"Lope de Vega Carpio, Fenix",Los pastores de Belen,Bruselas,1614,Velpio,Prose
"Lope de Vega Carpio, Fenix",Los pastores de Belen,Alcala,1616,Gracian,Prose
"Lope de Vega Carpio, Fenix",Los pastores de Belen,Lerida,1617,Manescal,Prose
"Lopez de ubeda, Francisco",Libro de entretenimiento de la picara Justina,Medina,1605,Lasso Vaca,Prose
"Lopez de ubeda, Francisco",Libro de entretenimiento de la picara Justina,Valladolid,1605,,Prose
"Lopez de ubeda, Francisco",Libro de entretenimiento de la picara Justina,Barcelona,1605,Cormellas,Prose
"Lopez de ubeda, Francisco",Libro de entretenimiento de la picara Justina,Bruselas,1608,Brunello,Prose
"Loubayssin de Lamarca, Francisco",Enganos desde siglo,Paris,1615,Orry,Prose
"Loubayssin de Lamarca, Francisco",Historia de Don Enrique de Castro,,1617,Guillemont,Prose
"Lucas Hidalgo, Gaspar",Dialogos de apacible entretenimiento,Paris,1605,,Prose
"Lucas Hidalgo, Gaspar",Dialogos de apacible entretenimiento,Barcelona,1605,Cormellas,Prose
"Lucas Hidalgo, Gaspar",Dialogos de apacible entretenimiento,Barcelona,1609,Margarit,Prose
"Lucas Hidalgo, Gaspar",Dialogos de apacible entretenimiento,Bruselas,1610,Velpio,Prose
"Lucas Hidalgo, Gaspar",Dialogos de apacible entretenimiento,Madrid,1618,Martin,Prose
"Lujan de Sayavedra, Mateo",Segunda parte de la vida de Guzman de Alfarache,Valencia,1602,,Prose
"Lujan de Sayavedra, Mateo",Segunda parte de la vida de Guzman de Alfarache,Barcelona,1602,Amello,Prose
"Lujan de Sayavedra, Mateo",Segunda parte de la vida de Guzman de Alfarache,Salamanca,1603,Renaut,Prose
"Lujan de Sayavedra, Mateo",Segunda parte de la vida de Guzman de Alfarache,Madrid,1603,ImprentaReal,Prose
"Lujan de Sayavedra, Mateo",Segunda parte de la vida de Guzman de Alfarache,Zaragoza,1603,Tavano,Prose
"Lujan de Sayavedra, Mateo",Segunda parte de la vida de Guzman de Alfarache,Lisboa,1603,Rodriguez,Prose
"Lujan de Sayavedra, Mateo",Segunda parte de la vida de Guzman de Alfarache,Milan,1603,Bordon,Prose
"Lujan de Sayavedra, Mateo",Segunda parte de la vida de Guzman de Alfarache,Bruselas,1604,Velpio,Prose
"Morejon, Pedro",Relacion de la persecucion,Zaragosa,1617,Larombe,Prose
"Mercader, Gaspar",El prado de Valencia,Valencia,1600,,Prose
"Mercader, Gaspar",El prado de Valencia,Valencia,1601,Mey,Prose
"Mesa, Christobal de",Valle de lagrimas,Madrid,1607,Cuesta,Prose
"Ona, Pedro de",El temblor de Lima,Lima,1609,Canto,Prose
"Ortunez de Calahorra, Diego",Espejo de pricipes y caballeros,Zaragoza,1617,Lanaja,Prose
"Pantoja, Diego de",Relacion de la entrada de algunos padres,Sevilla,1605,,Prose
"Rojas Villandrando, Agustin",El viaje entretenido,,1603,ImprentaReal,Prose
"Rojas Villandrando, Agustin",El viaje entretenido,Madrid,1604,ImprentaReal,Prose
"Rojas Villandrando, Agustin",El viaje entretenido,Lerida,1611,Manescal,Prose
"Rojas Villandrando, Agustin",El viaje entretenido,Lerida,1611,Manescal,Prose
"Rojas Villandrando, Agustin",El viaje entretenido,Salamanca,1611,Ramirez,Prose
"Rojas Villandrando, Agustin",El viaje entretenido,Madrid,1614,Martin,Prose
"Rojas Villandrando, Agustin",El viaje entretenido,Lerida,1615,Manescal,Prose
"Salas Barbadillo, Alonso Jeronimo",El caballero puntual,Madrid,1614,Vargas,Prose
"Salas Barbadillo, Alonso Jeronimo",El caballero puntual,Madrid,1616,Cuesta,Prose
"Salas Barbadillo, Alonso Jeronimo",La hija de Celestina,Zaragoza,1612,Sanchez,Prose
"Salas Barbadillo, Alonso Jeronimo",La hija de Celestina,Lerida,1612,Manescal,Prose
"Salas Barbadillo, Alonso Jeronimo",La hija de Celestina,Milan,1616,Bidelo,Prose
"Salas Barbadillo, Alonso Jeronimo",La ingeniosa Elena,Madrid,1614,Herrera,Prose
"Salas Barbadillo, Alonso Jeronimo",Patrona de Madrid restituyda,Madrid,1609,Martin,Prose
Saavedra y Guzman,El peregrino indiano,,,,Prose
"Sierra, Pedro de la",Espejo de pricipes y caballeros Segunda parte,Zaragoza,1617,Cabarte,Prose
"Silva y Toledo, Juan de",Policisne de Beocia,Valladolid,1602,Yniquez de Lequerica,Prose
"Suarez de Figueroa, Cristobal",Historia y anal relacion de las cosas que hicieron los Padres,Madrid,1614,ImprentaReal,Prose
"Suarez de Figueroa, Cristobal",La constante Amarilis,Valencia,1609,???,Prose
"Suarez de Figueroa, Cristobal",La constante Amarilis,Lyon,1614,Montpesier,Prose
"Suarez de Figueroa, Cristobal",El pasajero,Madrid,1617,Sanchez,Prose
"Suarez de Figueroa, Cristobal",El pasajero,Barcelona,1618,Margarit,Prose
"Torquemada, Juan de",Monarquia indiana,Sevilla,1615,Clavijo,Prose
"Balbuena, Bernardo de",La grandeza mexicana,Mexico,1604,Ocharte,Poetry
"Balbuena, Bernardo de",La grandeza mexicana,Mexico,1604,Lopez,Poetry
"Barco Centenera, Martin del",Argentina,Lisboa,1602,Crasbeeck,Poetry
"Belmont bermudez, Luis",Vida del Padre maestro Ignacio de Loyola,Mexico,1609,,Poetry
Bermudez,El Narciso,Lisboa,1618,,Poetry
"Cervantes Saavedra, Miguel",Viaje del Parnaso,Madrid,1614,Martin,Poetry
"Chen, Juan de",Laberinto amoroso de los mejores y mas nuevos romances,Barcelona,1618,Cormellas,Poetry
Claramonte,Letania moral,Sevilla,1613,Clauxio,Poetry
Davalos y Figueroa,Miscelana austral,Lima,1602,Ricardo,Poetry
Davalos y Figueroa,Miscelana austral con Defensa de damas por el mismo,Lima,1603,Ricardo,Poetry
,El jardin de amadores,Valladolid,1605,,Poetry
,El jardin de amadores,Zaragoza,1611,Larumbe,Poetry
"Eslava, Antonio de",Noches de invierno,Barcelona,1609,Margarit,Poetry
"Eslava, Antonio de",Noches de invierno,Pamplona,1609,Labayen,Poetry
"Eslava, Antonio de",Noches de invierno,Bruselas,1610,Velpio,Poetry
"Espinosa, Pedro de",Flores de poetas ilustres,Valladolid,1605,Sanchez,Poetry
"Hojeda, Fray Diego de",La Cristiada,Sevilla,1611,Perez,Poetry
"Jauregui, Juan de",Rimas,Sevilla,1618,Valleto,Poetry
"Lope de Vega Carpio, Fenix",Al Santissimo Sacramento,Toledo,1609,Rodriguez,Poetry
"Lope de Vega Carpio, Fenix",Al Santissimo Sacramento,Sevilla,1615,,Poetry
"Lope de Vega Carpio, Fenix",Al Santissimo Sacramento,Sevilla,1618,,Poetry
"Lope de Vega Carpio, Fenix",Cuatro romances nuevos,Sevilla,1601,Lorenzana,Poetry
"Lope de Vega Carpio, Fenix",Isidro,Madrid,1599,Sanchez,Poetry
"Lope de Vega Carpio, Fenix",Isidro,Madrid,1602,Madrigal,Poetry
"Lope de Vega Carpio, Fenix",Isidro,Madrid,1603,Madrigal,Poetry
"Lope de Vega Carpio, Fenix",Isidro,Alcala,1607,Gracian,Poetry
"Lope de Vega Carpio, Fenix",Isidro,Barcelona,1608,Anglada,Poetry
"Lope de Vega Carpio, Fenix",Isidro,Madrid,1613,Martin,Poetry
"Lope de Vega Carpio, Fenix",La Dragontea,Valencia,1598,Mey,Poetry
"Lope de Vega Carpio, Fenix",La Dragontea,,1602,Madrigal,Poetry
"Lope de Vega Carpio, Fenix",La Dragontea,Barcelona,1604,Amello,Poetry
"Lope de Vega Carpio, Fenix",La hermosura de Angelica,Madrid,1602,Madrigal,Poetry
"Lope de Vega Carpio, Fenix",La hermosura de Angelica,Barcelona,1604,Manescal,Poetry
"Lope de Vega Carpio, Fenix",La hermosura de Angelica,Madrid,1605,Cuesta,Poetry
"Lope de Vega Carpio, Fenix",La Jerusalen conquistada,Madrid,1609,Cuesta,Poetry
"Lope de Vega Carpio, Fenix",La Jerusalen conquistada,Barcelona,1609,,Poetry
"Lope de Vega Carpio, Fenix",La Jerusalen conquistada,Lisboa,1611,Alvarez,Poetry
"Lope de Vega Carpio, Fenix",Rimas,Sevilla,1604,Hidalgo,Poetry
"Lope de Vega Carpio, Fenix",Rimas,Barcelona,1604,Amello,Poetry
"Lope de Vega Carpio, Fenix",Rimas,Lisboa,1605,Crasbeeck,Poetry
"Lope de Vega Carpio, Fenix",Rimas,Madrid,1609,Martin,Poetry
"Lope de Vega Carpio, Fenix",Rimas,Milan,1611,Bordon,Poetry
"Lope de Vega Carpio, Fenix",Rimas,Madrid,1612,,Poetry
"Lope de Vega Carpio, Fenix",Rimas,Barcelona,1612,,Poetry
"Lope de Vega Carpio, Fenix",Rimas,Madrid,1613,Martin,Poetry
"Lope de Vega Carpio, Fenix",Rimas sacras,Madrid,1614,V. de Martin,Poetry
"Lope de Vega Carpio, Fenix",Rimas sacras,Lerida,1615,Manescal,Poetry
"Lope de Vega Carpio, Fenix",Rimas sacras,Lisboa,1616,Crasbeeck,Poetry
"Ledesma, Alonso de",Conceptos espirituales Parte I,Madrid,1600,Sanchez,Poetry
"Ledesma, Alonso de",Conceptos espirituales Parte I,Madrid,1602,ImprentaReal,Poetry
"Ledesma, Alonso de",Conceptos espirituales Parte I,Madrid,1603,ImprentaReal,Poetry
"Ledesma, Alonso de",Conceptos espirituales Parte I,Barcelona,1603,Cormellas,Poetry
"Ledesma, Alonso de",Conceptos espirituales Parte I,Madrid,1604,Torre,Poetry
"Ledesma, Alonso de",Conceptos espirituales Parte I,Barcelona,1604,Cormellas,Poetry
"Ledesma, Alonso de",Conceptos espirituales Parte I,Barcelona,1604,Cendrat,Poetry
"Ledesma, Alonso de",Conceptos espirituales Parte I,Madrid,1605,ImprentaReal,Poetry
"Ledesma, Alonso de",Conceptos espirituales Parte I,Lisboa,1605,Alvarez,Poetry
"Ledesma, Alonso de",Conceptos espirituales Parte I,Barcelona,1605,Cormellas,Poetry
"Ledesma, Alonso de",Conceptos espirituales Parte I,Barcelona,1606,Cormellas,Poetry
"Ledesma, Alonso de",Conceptos espirituales Parte I,Barcelona,1606,Cendrat,Poetry
"Ledesma, Alonso de",Conceptos espirituales Parte I,Barcelona,1607,Cormellas,Poetry
"Ledesma, Alonso de",Conceptos espirituales Parte I,Madrid,1608,ImprentaReal,Poetry
"Ledesma, Alonso de",Conceptos espirituales Parte I,Madrid,1609,ImprentaReal,Poetry
"Ledesma, Alonso de",Conceptos espirituales Parte I,Barcelona,1612,Margarit,Poetry
"Ledesma, Alonso de",Conceptos espirituales Parte I,Madrid,1612,Cuesta,Poetry
"Ledesma, Alonso de",Conceptos espirituales Parte I,Lerida,1612,Manescal,Poetry
"Ledesma, Alonso de",Conceptos espirituales Parte I,Valladolid,1613,Rueda,Poetry
"Ledesma, Alonso de",Conceptos espirituales Parte I,Madrid,1613,Martin,Poetry
"Ledesma, Alonso de",Conceptos espirituales Parte II,Madrid,1606,ImprentaReal,Poetry
"Ledesma, Alonso de",Conceptos espirituales Parte II,Burgos,1606,Lasso,Poetry
"Ledesma, Alonso de",Conceptos espirituales Parte II,Barcelona,1607,Cendrat,Poetry
"Ledesma, Alonso de",Conceptos espirituales Parte II,Alcala,1607,Gracian,Poetry
"Ledesma, Alonso de",Conceptos espirituales Parte II,Valladolid,1613,Rueda,Poetry
"Ledesma, Alonso de",Conceptos espirituales Parte III,Madrid,1612,Cuesta,Poetry
"Ledesma, Alonso de",Conceptos espirituales Parte III,Lerida,1612,Manescal,Poetry
"Ledesma, Alonso de",Conceptos espirituales Parte III,Madrid,1615,,Poetry
"Ledesma, Alonso de",Conceptos espirituales Parte III,Madrid,1616,,Poetry
"Ledesma, Alonso de",Conceptos espirituales Parte III,Barcelona,1616,,Poetry
"Ledesma, Alonso de",Juegos de Noche Buena,Madrid,1611,Martin,Poetry
"Ledesma, Alonso de",Juegos de Noche Buena,Barcelona,1611,Cormellas,Poetry
"Ledesma, Alonso de",Juegos de Noche Buena,Zaragoza,1611,Robles,Poetry
"Ledesma, Alonso de",Juegos de Noche Buena,Madrid,1613,Martin,Poetry
"Ledesma, Alonso de",Romancero y monstruo imaginado,Madrid,1615,Martin,Poetry
"Ledesma, Alonso de",Romancero y monstruo imaginado,Madrid,1616,Martin,Poetry
"Ledesma, Alonso de",Romancero y monstruo imaginado,Barcelona,1616,Cormellas,Poetry
"Ledesma, Alonso de",Romancero y monstruo imaginado,Lerida,1616,Manescal,Poetry
"Madrigal, Miguel de",Segunda parte del Romancero general,Valladolid,1605,Sanchez,Poetry
"Manuel de Villegas, Esteban",Las eroticas o amatorias,Najera,1618,,Poetry
"Mexia de Fernangil, Diego",Primera parte del Parnaso antaritico,Sevilla,1608,Gamara,Poetry
"Perez de Villagra, Gaspar",Historia de La Nueva Mexico,Alcala,1610,Martinez,Poetry
"Quevedo y Villegas, Francisco de",Lagrimas de Hieremias castellanas,,1613,,Poetry
,Romancero general,Madrid,1600,Sanchez,Poetry
,Romancero general,Medina de Campo,1602,Godinez,Poetry
,Romancero general,Valladolid,1602,Godinez,Poetry
,Romancero general,Madrid,1604,Cuesta,Poetry
,Romancero general,Madrid,1614,Cuesta,Poetry
"Salas Barbadillo, Alonso Jeronimo",Rimas castellanas,Madrid,1618,Martin,Poetry
"Suarez de Figueroa, Cristobal",Espana defendida,Madrid,1612,Cuesta,Poetry
"Valdivielso, Jose de",Romancero espiritual de Santisimo Sacramento,Toledo,1612,Rodriguez,Poetry
"Valdivielso, Jose de",Romancero espiritual de Santisimo Sacramento,Zaragoza,1613,Cabarte,Poetry
"Valdivielso, Jose de",Romancero espiritual de Santisimo Sacramento,Valencia,1613,Chrysostomo,Poetry
"Valdivielso, Jose de",Romancero espiritual de Santisimo Sacramento,Lerida,1616,Manescal,Poetry
"Valdivielso, Jose de",Romancero espiritual de Santisimo Sacramento,Toledo,1618,Rodriguez,Poetry
"Valdivielso, Jose de",Romance de la Inmaculada concepcion,Sevilla,1616,Ramos,Poetry
"Valdivielso, Jose de",Romance de la Inmaculada concepcion,Zaragoza,1618,Larombe,Poetry
"Valdivielso, Jose de",Sagrario de Toledo,Madrid,1616,Sanchez,Poetry
"Valdivielso, Jose de",Sagrario de Toledo,Barcelona,1618,Liberos,Poetry
"avila, Francisco de",Flor de las comedias de Espana de diferentes autores parte V,Madrid,1615,Sanchez,Theatre
"avila, Francisco de",Flor de las comedias de Espana de diferentes autores parte V,Barcelona,1616,Cormellas,Theatre
"avila, Francisco de",Flor de las comedias de Espana de diferentes autores parte V,Alcala,1615,V. de Martinez,Theatre
"Castro, Guillen de",Primera parte de las comedias,Valencia,1618,Mey,Theatre
"Cervantes Saavedra, Miguel",Ocho comedias y ocho entremeses nuevos nunca representados,Madrid,1615,Martinez,Theatre
,Cuatro comedias de diversos autores,Cordoba,1613,Cea,Theatre
,Cuatro comedias de don Luis de Gongoray Lope de Vega,Madried,1613,Sanchez,Theatre
,Cuatro comedias de don Luis de Gongoray Lope de Vega,Madrid,1617,Berrillo,Theatre
,Doze Comedias famosas de quatro poetas naturales de la ... ciudad de Valencia ,Valencia,1608,Mey,Theatre
,Doze Comedias famosas de quatro poetas naturales de la ... ciudad de Valencia ,Valencia,1609,Mey,Theatre
,Doze Comedias famosas de quatro poetas naturales de la ... ciudad de Valencia ,Barcelona,1609,Cormellas,Theatre
,Doze Comedias famosas de quatro poetas naturales de la ... ciudad de Valencia ,Madrid,1614,Serrano,Theatre
"Jauregui, Juan de",Aminta,Roma,1607,Paulino,Theatre
"Lope de Vega Carpio, Fenix",Seis comedias de Lope de Vera Carpio y de otros autores,Madrid,1603,Madrigal,Theatre
"Lope de Vega Carpio, Fenix",Seis comedias de Lope de Vera Carpio y de otros autores,Lisboa,1603,Crasbeeck,Theatre
"Lope de Vega Carpio, Fenix",Comedias parte I,Valladolid,1604,Sanchez,Theatre
"Lope de Vega Carpio, Fenix",Comedias parte I,Zaragoza,1604,Tavano,Theatre
"Lope de Vega Carpio, Fenix",Comedias parte I,Lisboa,1605,Rodriguez,Theatre
"Lope de Vega Carpio, Fenix",Comedias parte I,Valencia,1605,Leget,Theatre
"Lope de Vega Carpio, Fenix",Comedias parte I,Valladolid,1605,Bostillos,Theatre
"Lope de Vega Carpio, Fenix",Comedias parte I,Amberes,1607,Nucio,Theatre
"Lope de Vega Carpio, Fenix",Comedias parte I,Valladolid,1609,Bostillos,Theatre
"Lope de Vega Carpio, Fenix",Comedias parte II,Madrid,1609,Martin,Theatre
"Lope de Vega Carpio, Fenix",Comedias parte II,Valladolid,1609,Bostillos,Theatre
"Lope de Vega Carpio, Fenix",Comedias parte II,Madrid,1610,Martin,Theatre
"Lope de Vega Carpio, Fenix",Comedias parte II,Barcelona,1611,Cormellas,Theatre
"Lope de Vega Carpio, Fenix",Comedias parte II,Valladolid,1611,Cuesta,Theatre
"Lope de Vega Carpio, Fenix",Comedias parte II,Bruselas/Amberes,1611,Velpio/V.de Bellero,Theatre
"Lope de Vega Carpio, Fenix",Comedias parte II,Lisboa,1612,Crasbeeck,Theatre
"Lope de Vega Carpio, Fenix",Comedias parte II,Madrid,1618,Cuesta,Theatre
"Lope de Vega Carpio, Fenix",Comedias parte III,Barcelona,1612,Cormellas,Theatre
"Lope de Vega Carpio, Fenix",Comedias parte III,Madrid,1613,Serrano,Theatre
"Lope de Vega Carpio, Fenix",Comedias parte III,Barcelona,1614,Cormellas,Theatre
"Lope de Vega Carpio, Fenix",Comedias parte IV,Madrid,1614,Siles,Theatre
"Lope de Vega Carpio, Fenix",Comedias parte IV,Barcelona,1614,Cormellas,Theatre
"Lope de Vega Carpio, Fenix",Comedias parte IV,Pamplona,1614,Assiayn,Theatre
"Lope de Vega Carpio, Fenix",Comedias parte V,Alcala,1615,Martinez,Theatre
"Lope de Vega Carpio, Fenix",Comedias parte V,Barcelona,1616,,Theatre
"Lope de Vega Carpio, Fenix",Comedias parte V,Barcelona,1617,,Theatre
"Lope de Vega Carpio, Fenix",Comedias parte VI,Madrid,1615,Martin,Theatre
"Lope de Vega Carpio, Fenix",Comedias parte VI,Madrid,1616,Cuesta,Theatre
"Lope de Vega Carpio, Fenix",Comedias parte VI,Barcelona,1616,Cormellas,Theatre
"Lope de Vega Carpio, Fenix",Comedias parte VII,Madrid,1617,,Theatre
"Lope de Vega Carpio, Fenix",Comedias parte VII,Barcelona,1617,Cormellas,Theatre
"Lope de Vega Carpio, Fenix",Comedias parte VIII,Madrid,1617,Martin,Theatre
"Lope de Vega Carpio, Fenix",Comedias parte VIII,Barcelona,1617,Cormellas,Theatre
"Lope de Vega Carpio, Fenix",Comedias parte IX,Madrid,1617,Martin,Theatre
"Lope de Vega Carpio, Fenix",Comedias parte IX,Madrid,1618,,Theatre
"Lope de Vega Carpio, Fenix",Comedias parte IX,Barcelona,1618,Cormellas,Theatre
"Lope de Vega Carpio, Fenix",Comedias parte X,Madrid,1618,Martin,Theatre
"Lope de Vega Carpio, Fenix",Comedias parte X,Barcelona,1618,Cormellas,Theatre
"Lope de Vega Carpio, Fenix",Comedias parte XI,Madrid,1618,Martin,Theatre
"Lope de Vega Carpio, Fenix",Comedias parte XI,Barcelona,1618,Cormellas,Theatre
,Norte de la poesia espanola,Valencia,1616,Mey,Theatre
"Suarez de Figueroa, Cristobal",El Pastor Fido,Valencia,1609,Mey,Theatre
