Id,Label,genero,fecha,top_genre,type,avg_date,lugar,inst,second_place,doc_type,second_genre,role,real,top_place,notas,author,Modularity Class
397,Jorge de Tovar Berrio,{'Poesia': 2},"{'1614-06-30': 1, '1609-03-15': 1}",Poesia,Persona,1611,{u'Madrid': 2},,,{u'Privilegio/Licencia': 2},,signatory,{'True': 1},Madrid,{'Mayordomo del santisimo sacramento de la parroquial de Toledo': 1},,0
395,Alonso Ordonez de San Pedro,{'Poesia': 1},{'1609-03-15': 1},Poesia,Persona,1609,{u'Madrid': 1},,,{u'Privilegio/Licencia': 1},,signatory,{'True': 1},Madrid,{'Mayordomo del santisimo sacramento de la parroquial de Toledo': 1},,0
399,Pedro Rodriguez,{'Poesia': 2},"{'1612-10-11': 1, '1609-03-15': 2}",Poesia,Persona,1610,"{u'Madrid': 2, u'Toledo': 3}",,Madrid,"{u'Obra': 1, u'Impresion': 2}",,author,{'True': 1},Toledo,,{'true': 1},0
396,"Pedro Lopez de Ayala, VI conde de Fuensalida",{'Poesia': 1},{'': 1},Poesia,Persona,,{'': 1},{u'Condado de Fuensalida': 1},,{'dedicatory': 1},,patron,{'True': 1},,"{'Algualcil mayor de Toledo, senor de las villas de Lillo, Guadamur, Humanes, y Guecas': 1}",,0
201,Clemente Hidalgo,"{'Ficcion': 1, 'Poesia': 1}","{'1604-01-01': 1, '1604-02-27': 1}",Ficcion,Persona,1604,{u'Sevilla': 2},,,{u'Impresion': 2},Poesia,printer/editor,{'True': 1},Sevilla,,,0
221,Tomas Tomayo de Vargas,{'Poesia': 2},{'1615-07-18': 1},Poesia,Persona,1615,{u'Toledo': 1},,,{u'Aprobacion': 1},,signatory,{'True': 1},Toledo,,,3
321,Juan Bellero,{'Ficcion': 1},{'1617-01-01': 1},Ficcion,Persona,1617,{u'Anvers': 1},,,{u'Impresion': 1},,printer/editor,{'True': 1},Anvers,,,0
319,Pedro Bellero,{'Ficcion': 1},{'1617-01-01': 1},Ficcion,Persona,1617,{u'Anvers': 1},,,{u'Impresion': 1},,printer/editor,{'True': 1},Anvers,,,0
49,Augustin de Vergara,{'Teatro': 2},"{'1611-06-09': 1, '1609-04-20': 1}",Teatro,Persona,1610,{u'Valladolid': 2},,,{u'Fe de erratas': 2},,signatory,{'True': 1},Valladolid,,,0
53,"Pedro de Olivares, Fray",{'Ficcion': 3},{'1613-09-29': 1},Ficcion,Persona,1613,{u'Pamplona': 1},{u'Consejo de Navarra': 1},,{u'Aprobacion': 1},,signatory,{'True': 1},Pamplona,,,1
109,Juan Bautista,"{'Ficcion': 4, 'Poesia': 1}","{'1612-05-10': 1, '1612-07-09': 1}",Ficcion,Persona,1612,{u'Madrid': 2},{u'Convento de la Santisima Trinidad': 1},,{u'Aprobacion': 2},Poesia,signatory,{'True': 1},Madrid,,,3
205,Francisco Gassoi,"{'Ficcion': 2, 'Poesia': 1}","{'1613-08-09': 1, '1613-08-23': 1}",Ficcion,Persona,1613,{u'Madrid': 2},{u'San Lorenzo el Real de El Escorial': 1},,{u'Privilegio/Licencia': 2},Poesia,signatory,{'True': 1},Madrid,{'Â¿Gasol?': 1},,3
134,"Leon de San Pedro, Fray",{'Ficcion': 1},{'1617-11-17': 1},Ficcion,Persona,1617,{u'Pamplona': 1},"{u'Convento de San Francisco de Pamplona': 1, u'Orden de San Francisco': 1, u'Consejo de Navarra': 1}",,{u'Aprobacion': 1},,signatory,{'True': 1},Pamplona,,,1
132,Nicolas de Assiayn,{'Ficcion': 4},"{'1614-01-11': 2, '1617-09-17': 1, '1617-11-17': 1, '1615-01-01': 1, '1617-01-01': 1}",Ficcion,Persona,1615,{u'Pamplona': 6},,,"{u'Privilegio/Licencia': 2, u'Impresion': 4}",,printer/editor,{'True': 1},Pamplona,,,1
133,"Geronimo de Parada, Fray",{'Ficcion': 1},{'1617-09-12': 1},Ficcion,Persona,1617,{u'Pamplona': 1},"{u'Consejo de Navarra': 1, u'Convento de San Agustin': 1}",,{u'Aprobacion': 1},,signatory,{'True': 1},Pamplona,,,1
131,Pedro de Zunzarren,{'Ficcion': 4},"{'1617-09-17': 1, '1614-01-11': 1}",Ficcion,Persona,1615,{u'Pamplona': 2},{u'Consejo de Navarra': 1},,{u'Privilegio/Licencia': 2},,signatory,{'True': 1},Pamplona,,,1
188,Olivero Brunello,{'Ficcion': 1},"{'1607-11-07': 1, '1608-01-01': 1}",Ficcion,Persona,1607,{u'Bruselas': 2},,,"{u'Privilegio/Licencia': 1, u'Impresion': 1}",,printer/editor,{'True': 1},Bruselas,,,2
55,P. Piermans,{'Ficcion': 2},"{'1614-05-10': 1, '1607-11-07': 1}",Ficcion,Persona,1610,{u'Bruselas': 2},{u'Consejo de Flandes': 1},,{u'Privilegio/Licencia': 2},,signatory,{'True': 1},Bruselas,,,2
303,Jorge Olaal de Vergara,"{'Teatro': 1, 'Ficcion': 1}","{'1613-12-23': 1, '1617-11-07': 1}",Teatro,Persona,1615,{u'Madrid': 2},{u'Consejo de Castilla': 1},,{u'Privilegio/Licencia': 2},Ficcion,signatory,{'True': 1},Madrid,{'Chanciller mayor': 1},,3
203,Henry Smeyers,{'Ficcion': 1},{'1617-07-05': 1},Ficcion,Persona,1617,{u'Bruselas': 1},,,{u'Aprobacion': 1},,signatory,{'True': 1},Bruselas,,,1
84,Francisco Pous,{'Ficcion': 1},{'1604-07-29': 1},Ficcion,Persona,1604,{u'Barcelona': 1},,,{u'Privilegio/Licencia': 1},,signatory,{'True': 1},Barcelona,,,7
230,Jaime Rebullosa,{'Poesia': 2},{'1604-02-15': 1},Poesia,Persona,1604,{u'Barcelona': 1},"{u'Convento de Santa Caterina': 1, u'Orden de los predicadores': 1}",,{u'Aprobacion': 1},,signatory,{'True': 1},Barcelona,,,0
288,Miguel Menescal,{'Poesia': 1},{'1604-01-01': 1},Poesia,Persona,1604,{u'Barcelona': 1},,,{u'Impresion': 1},,printer/editor,{'True': 1},Barcelona,,,0
139,Juan de Arguijo,{'Poesia': 2},{'': 1},Poesia,Persona,,{'': 1},,,{'dedicatory': 1},,patron,{'True': 1},,{'Veinticuatro de Sevilla': 1},,0
270,"Agustin Osorio, Fray",{'Ficcion': 2},{'1611-01-04': 1},Ficcion,Persona,1611,{u'Lerida': 1},,,{u'Aprobacion': 1},,signatory,{'True': 1},Lerida,{'Prior de San Agustin de Lerida': 1},,7
219,Jaime Cendrat,{'Poesia': 1},{'1607-02-23': 1},Poesia,Persona,1607,{u'Barcelona': 1},,,{u'Impresion': 1},,printer/editor,{'True': 1},Barcelona,,,3
369,Tomas de Olivon,{'Poesia': 1},{'1607-02-20': 1},Poesia,Persona,1607,{u'Barcelona': 1},{u'Convento de Santa Caterina': 1},,{u'Aprobacion': 1},,signatory,{'True': 1},Barcelona,,,3
9,Sebastian Matevat,{'Ficcion': 1},{'1617-01-27': 1},Ficcion,Persona,1617,{u'Barcelona': 1},,,{u'Impresion': 1},,printer/editor,{'True': 1},Barcelona,,,1
277,Antonio Sanchez,{'Teatro': 2},{'1615-06-05': 1},Teatro,Persona,1615,{u'Alcala': 1},,,{u'Impresion': 1},,printer/editor,{'True': 1},Alcala,,,3
94,Petrus Joannes Assensius,{'Teatro': 1},{'1604-11-10': 1},Teatro,Persona,1604,{u'Valencia': 1},{u'Archidiocesis de Valencia': 1},,{u'Aprobacion': 1},,signatory,{'True': 1},Valencia,{'Nombre latinizado. Pedro Juan Â¿Assensius?': 1},,0
341,Roig,"{'Teatro': 1, 'Poesia': 1}","{'1604-11-10': 1, '1613-08-23': 1}",Teatro,Persona,1608,"{u'Valencia': 1, u'Madrid': 1}",,Madrid,"{u'Aprobacion': 1, u'Privilegio/Licencia': 1}",Poesia,signatory,{'True': 1},Valencia,{'Vicecanciller encargado general de tesorero': 1},,0
91,Valerian Boyl,{'Teatro': 1},{'': 1},Teatro,Persona,,{'': 1},,,{'dedicatory': 1},,patron,{'True': 1},,{'Senor de Masa Magrel': 1},,0
199,Doctor Galipienzo,{'Poesia': 1},{'1616-06-06': 1},Poesia,Persona,1616,{u'Lerida': 1},{u'Diocesis de Lerida': 1},,{u'Aprobacion': 1},,signatory,{'True': 1},Lerida,{'Catedratico de prima de Lerida': 1},,3
234,Baltasar Eliseo de Medinilla,{'Poesia': 2},{'': 1},Poesia,Persona,,{'': 1},,,{u'Otro documento': 1},,signatory,{'True': 1},,,,0
334,Juan Gracian,{'Poesia': 1},{'1607-01-01': 1},Poesia,Persona,1607,{u'Alcala': 1},,,{u'Impresion': 1},,printer/editor,{'True': 1},Alcala,,,0
35,Juan Perez de Valdivielso,{'Ficcion': 1},{'1599-06-22': 1},Ficcion,Persona,1599,{u'Zaragoza': 1},,,{u'Impresion': 1},,printer/editor,{'True': 1},Zaragoza,,,6
252,Juan Bermudez y Alfaro,{'Poesia': 1},{'1618-07-24': 1},Poesia,Persona,1618,{u'Lisboa': 1},,,{u'Obra': 1},,author,{'True': 1},Lisboa,,{'true': 1},5
57,Aloysius Barrola Augustanis,"{'Ficcion': 1, 'Poesia': 1}",{'': 2},Ficcion,Persona,,{'': 2},,,{u'Privilegio/Licencia': 2},Poesia,signatory,{'True': 1},,{'Nombre latinizado': 1},,6
97,Luis Sanchez,"{'Teatro': 1, 'Ficcion': 3, 'Poesia': 2}","{'1616-09-12': 1, '1615-03-23': 1, '1598-11-27': 1, '1599-04-26': 1, '1617-11-16': 1, '1604-07-28': 1}",Ficcion,Persona,1608,"{u'Madrid': 5, u'Valladolid': 1}",,Valladolid,{u'Impresion': 6},Poesia,printer/editor,{'True': 1},Madrid,,,0
246,"Pedro de Padilla, Fray","{'Ficcion': 6, 'Poesia': 3}","{'1598-08-06': 1, '1599-01-22': 1}",Ficcion,Persona,1598,{u'Madrid': 2},"{u'Convento de nuestra senora del Carmen': 1, u'Orden de los carmelitas': 1}",,{u'Aprobacion': 2},Poesia,signatory,{'True': 1},Madrid,,,0
128,Gabriel de Nao,{'Teatro': 1},,Teatro,Persona,,,,,,,,{'True': 1},,{'Vecino de Valladolid': 1},,0
112,Juan Gracian Dantisco,{'Teatro': 4},{'1604-02-17': 1},Teatro,Persona,1604,{u'Valladolid': 1},,,{u'Aprobacion': 1},,signatory,{'True': 1},Valladolid,"{'Secretario. Me parece que hay 2 Juan Gracian en la base de datos, uno que es impresor y el otro que firma las aprobaciones de las Comedias de Valladolid. Tal vez sea Juan Gracian Dantisco hermano de Tomas Gracian Dantisco, persona que firma otras aprobaciones durante esta epoca': 1}",,0
89,Antonio Ramirez de Prado,{'Teatro': 3},{'': 1},Teatro,Persona,,{'': 1},{u'Consejo de Castilla': 1},,{'dedicatory': 1},,patron,{'True': 1},,"{'Consejo de su majestad, y su fiscal en el de la cruzada': 1}",,0
95,Juan de Bostillo,{'Teatro': 2},"{'1609-07-24': 2, '1605-07-14': 1}",Teatro,Persona,1607,{u'Valladolid': 3},,,{u'Impresion': 3},,printer/editor,{'True': 1},Valladolid,,,0
408,Francisco Pacheco,{'Poesia': 2},{'': 1},Poesia,Persona,,{'': 1},,,{u'Otro documento': 1},,signatory,{'True': 1},,{'Pintor': 1},,0
440,Felix Lope de Vega Carpio,"{'Teatro': 16, 'Ficcion': 11, 'Poesia': 13}","{'': 4, '1611-01-14': 1, '1602-11-30': 1, '1611-12-02': 1, '1612-02-09': 1, '1602-01-01': 1, '1611-06-22': 12, '1615-06-05': 1, '1614-06-30': 1, '1596-11-27': 1, '1608-01-01': 1, '1603-12-06': 1, '1614-01-01': 1, '1609-02-10': 1, '1609-03-15': 1, '1608-08-23': 1, '1605-01-01': 23, '1613-08-23': 1, '1612-01-30': 12, '1605-07-14': 11, '1617-01-01': 1, '1612-04-06': 1, '1607-01-01': 12, '1618-06-25': 12, '1598-11-27': 1, '1616-01-01': 1, '1599-02-16': 1, '1611-01-01': 26, '1614-09-24': 1, '1609-01-01': 1, '1609-11-18': 12, '1598-08-15': 1, '1613-06-12': 2, '1602-10-20': 1, '1603-01-01': 1, '1612-01-01': 1, '1609-07-24': 11, '1599-04-26': 1, '1604-02-27': 1, '1604-01-01': 13, '1604-07-28': 11, '1605-04-01': 1}",Teatro,Persona,1608,"{'': 5, u'Alcala': 2, u'Bruselas': 14, u'Anvers': 2, u'Zaragoza': 11, u'Madrid': 41, u'Amberes': 23, u'Sevilla': 2, u'Barcelona': 15, u'Milan': 1, u'Lerida': 1, u'Valladolid': 58, u'Toledo': 1, u'Lisboa': 24, u'Valencia': 11, u'Oliva': 1, u'Cordoba': 2}","{u'Marquesado de Sarria': 1, u'Consejo de Inquisicion': 1}",Madrid,"{u'Aprobacion': 1, u'Obra': 35, u'Privilegio/Licencia': 8, u'Otro documento': 2, u'Carta': 3}",Poesia,author,{'True': 1},Valladolid,{'Secretario del Marques de Sarria. Familiar del Santo Oficio': 1},{'true': 35},0
8,Domingo Abbad y Huerta,{'Ficcion': 1},{'1617-01-27': 1},Ficcion,Persona,1617,{u'Valencia': 1},{u'Archidiocesis de Valencia': 1},,{u'Aprobacion': 1},,signatory,{'True': 1},Valencia,,,1
208,Miguel de Cervantes Saavedra,"{'Ficcion': 25, 'Poesia': 1}","{'1604-09-26': 1, '1614-05-10': 1, '1616-02-04': 1, '1617-01-27': 1, '1614-10-18': 1, '1615-03-30': 1, '1617-01-21': 1, '1612-11-22': 1, '1617-06-04': 1, '1617-11-17': 1, '1605-03-29': 1, '1617-01-01': 4, '1605-07-18': 1, '1613-08-09': 1, '1614-11-17': 1, '1605-03-01': 1, '1607-03-07': 1, '1605-02-09': 2, '1617-09-24': 1, '1615-01-01': 2, '1614-01-11': 1, '1618-01-01': 1, '1615-11-05': 1, '1617-01-17': 1, '1613-08-12': 1, '1608-06-25': 1, '1605-01-01': 1}",Ficcion,Persona,1612,"{u'Pamplona': 4, u'Madrid': 12, u'Bruselas': 5, u'Barcelona': 3, u'Milan': 1, u'Valladolid': 2, u'Lisboa': 4, u'Valencia': 1}",,Bruselas,"{u'Obra': 5, u'Privilegio/Licencia': 6}",Poesia,author,{'True': 1},Madrid,,{'true': 5},1
149,Alonso Pimentel y Esterlico,{'Ficcion': 1},{'': 1},Ficcion,Persona,,{'': 1},{u'Consejo de Guerra': 1},,{'dedicatory': 1},,patron,{'True': 1},,{'Del Consejo de Guerra y capitan de lanzas espanolas en Flandes': 1},,2
148,Francisco Lopez de Úbeda,{'Ficcion': 1},{'1608-01-01': 1},Ficcion,Persona,1608,{u'Bruselas': 1},,,{u'Obra': 1},,author,{'True': 1},Bruselas,,{'true': 1},2
187,Grimaldy,{'Ficcion': 1},{'1607-11-07': 1},Ficcion,Persona,1607,{u'Bruselas': 1},{u'Consejo de Flandes': 1},,{u'Privilegio/Licencia': 1},,signatory,{'True': 1},Bruselas,,,2
437,Alonso Perez,"{'Teatro': 3, 'Ficcion': 3, 'Poesia': 4}","{'1614-09-24': 1, '1615-10-19': 1, '1604-02-20': 1, '1609-08-11': 1, '1611-01-01': 1, '1611-04-14': 1, '1609-01-01': 1, '1609-11-18': 1, '1608-01-01': 1}",Poesia,Persona,1610,"{'': 2, u'Madrid': 6, u'Valladolid': 1}",,,"{u'Privilegio/Licencia': 2, u'Impresion': 7}",Teatro,printer/editor,{'True': 1},Madrid,{'Mercader de libros': 1},,0
13,"Bernardo de Sandoval y Rojas, Cardenal, Arzobispo de Toledo","{'Ficcion': 2, 'Poesia': 3}",{'': 3},Poesia,Persona,,{'': 3},"{u'Consejo de Estado': 1, u'Consejo de Inquisicion': 1, u'Archidiocesis de Toledo': 1}",,{'dedicatory': 3},Ficcion,patron,{'True': 1},,"{'Inquisidor general, y del Consejo de Estado ': 1}",,3
11,Miguel Martinez,"{'Teatro': 1, 'Ficcion': 2}","{'1618-01-01': 1, '1613-12-23': 1, '1617-11-07': 1, '1614-05-17': 1, '1618-06-25': 1}",Ficcion,Persona,1616,{u'Madrid': 5},,,"{u'Privilegio/Licencia': 2, u'Impresion': 3}",Teatro,printer/editor,{'True': 1},Madrid,,,3
223,T. Berti,{'Ficcion': 1},{'1617-08-18': 1},Ficcion,Persona,1617,{u'Bruselas': 1},,,{u'Privilegio/Licencia': 1},,signatory,{'True': 1},Bruselas,,,1
331,Jose de Valdivielso,"{'Teatro': 2, 'Ficcion': 5, 'Poesia': 8}","{'1615-11-21': 1, '1614-09-20': 1, '1618-01-01': 1, '1615-03-17': 1, '1616-09-12': 1, '1616-01-01': 1, '1612-10-11': 1, '1616-09-09': 1, '1615-06-05': 1, '1615-06-03': 1, '1612-06-03': 1}",Poesia,Persona,1614,"{u'Alcala': 1, u'Madrid': 7, u'Barcelona': 2, u'Toledo': 1}",{u'Consejo de Castilla': 1},Barcelona,"{u'Aprobacion': 4, u'Obra': 3, u'Privilegio/Licencia': 2}",Ficcion,author,{'True': 1},Madrid,{'Capellan del cardenal de Sandoval': 1},{'true': 3},3
200,"Pedro Fernandez de Cordoba, Marques de Priego y Montalban",{'Ficcion': 2},{'': 1},Ficcion,Persona,,{'': 1},"{u'Marquesado de Priego': 1, u'Marquesado de Montalban': 1}",,{'dedicatory': 1},,patron,{'True': 1},,,,7
130,Francisco Martinez,"{'Teatro': 1, 'Ficcion': 1, 'Poesia': 1}","{'1609-07-24': 1, '1602-11-30': 1, '1604-02-27': 1}",Teatro,Persona,1605,"{u'Madrid': 1, u'Valladolid': 2}",{u'Consejo de Castilla': 1},Madrid,{u'Tasa': 3},Ficcion,signatory,{'True': 1},Valladolid,{'Escribano de Camara': 1},,0
371,Pedro Madrigal,{'Poesia': 3},"{'1602-11-30': 1, '1603-01-01': 1, '1599-03-17': 1}",Poesia,Persona,1601,{u'Madrid': 3},,,{u'Impresion': 3},,printer/editor,{'True': 1},Madrid,,,0
372,Antonio de Saavedra Guzman,{'Poesia': 1},"{'1599-03-17': 1, '1599-02-16': 1}",Poesia,Persona,1599,"{'': 1, u'Madrid': 1}",,Madrid,"{u'Obra': 1, u'Privilegio/Licencia': 1}",,author,{'True': 1},,,{'true': 1},0
145,Juan de Amezqueta,"{'': 1, 'Ficcion': 6}","{'1603-01-31': 1, '1604-09-26': 2, '1603-06-16': 1}",Ficcion,Persona,1603,"{u'Valladolid': 3, u'San Juan de Ortega': 1}",{u'Consejo de Castilla': 1},San Juan de Ortega,{u'Privilegio/Licencia': 4},,signatory,{'True': 1},Valladolid,,,7
185,Antonio Rodriguez,{'': 1},{'1604-09-26': 1},,Persona,1604,{u'Valladolid': 1},,,{u'Privilegio/Licencia': 1},,signatory,{'True': 1},Valladolid,,,7
113,Antonio Campello,{'Ficcion': 2},{'1605-02-09': 1},Ficcion,Persona,1605,{u'Valladolid': 1},,,{u'Privilegio/Licencia': 1},,signatory,{'True': 1},Valladolid,,,3
137,Juan Gallo de Andrada,"{'Teatro': 1, 'Ficcion': 3, 'Poesia': 2}","{'1609-04-01': 1, '1604-12-04': 1, '1614-09-24': 1, '1613-06-12': 1}",Ficcion,Persona,1610,"{u'Madrid': 3, u'Valladolid': 1}",{u'Consejo de Castilla': 1},Valladolid,{u'Tasa': 4},Poesia,signatory,{'True': 1},Madrid,{'Escribano de la Camara': 1},,3
308,Martin Valero de Franqueza,{'Ficcion': 2},{'': 1},Ficcion,Persona,,{'': 1},{u'Orden de Santiago': 1},,{'dedicatory': 1},,patron,{'True': 1},,{'Caballero del habito de Santiago y gentilhombre de la boca de su Majestad': 1},,7
264,Agustin de Rojas Villaldrando,{'Ficcion': 4},"{'1603-09-24': 1, '1615-01-01': 1, '1611-02-04': 1, '1603-10-22': 1, '1603-06-16': 1, '1614-05-17': 1}",Ficcion,Persona,1608,"{u'Lerida': 2, u'San Juan de Ortega': 1, u'Valladolid': 1, u'Madrid': 2}",,Madrid,"{u'Obra': 1, u'Privilegio/Licencia': 2}",,author,{'True': 1},Lerida,,{'true': 1},7
439,Alonso Martin,"{'Teatro': 1, 'Ficcion': 2, 'Poesia': 3}","{'1611-01-01': 1, '1609-04-01': 1, '1611-04-14': 1, '1609-01-01': 1, '1609-11-18': 1, '1608-01-01': 1}",Poesia,Persona,1609,"{'': 2, u'Madrid': 4}",,,{u'Impresion': 6},Ficcion,printer/editor,{'True': 1},Madrid,,,0
238,"Alonso Gomez de encinas, Fray",{'Teatro': 5},{'1609-07-30': 1},Teatro,Persona,1609,{u'Madrid': 1},,,{u'Aprobacion': 1},,signatory,{'True': 1},Madrid,,,0
365,"Domingo de Mendoza, Fray",{'Poesia': 3},"{'': 2, '1596-11-27': 1}",Poesia,Persona,1596,"{'': 2, u'Madrid': 1}",,Madrid,{u'Carta': 3},,signatory,{'True': 1},,,,0
436,Alonso de Vallejo,"{'Ficcion': 1, 'Poesia': 3}","{'1599-04-26': 1, '1604-08-11': 1, '1607-08-11': 1, '1599-02-16': 1}",Poesia,Persona,1602,"{u'Madrid': 2, u'Valladolid': 1, u'Oliva': 1}",{u'Consejo de Castilla': 1},Valladolid,"{u'Tasa': 2, u'Privilegio/Licencia': 2}",Ficcion,signatory,{'True': 1},Madrid,,,0
394,DeVitte,{'Ficcion': 1},{'1616-02-04': 1},Ficcion,Persona,1616,{u'Bruselas': 1},,,{u'Privilegio/Licencia': 1},,signatory,{'True': 1},Bruselas,,,1
362,Huberto Antonio,"{'Teatro': 1, 'Ficcion': 5}","{'1614-01-01': 1, '1618-01-01': 1, '1610-11-07': 1, '1617-08-18': 1, '1611-01-01': 1, '1614-05-10': 2, '1617-01-01': 1, '1616-02-04': 2}",Ficcion,Persona,1614,{u'Bruselas': 10},,,"{u'Privilegio/Licencia': 4, u'Impresion': 6}",Teatro,printer/editor,{'True': 1},Bruselas,{'Impresor de sus Altezas': 1},,1
258,Carlos Felix de Vega,{'Ficcion': 2},{'': 1},Ficcion,Persona,,{'': 1},,,{'dedicatory': 1},,patron,{'True': 1},,,,0
7,Juan Jusepe Martinez Rubio,{'Ficcion': 1},{'1616-05-27': 1},Ficcion,Persona,1616,{u'Valencia': 1},{u'Archidiocesis de Valencia': 1},,{u'Privilegio/Licencia': 1},,signatory,{'True': 1},Valencia,,,1
415,De Vall,{'Ficcion': 3},{'': 3},Ficcion,Persona,,{u'Barcelona': 3},,,{u'Privilegio/Licencia': 3},,signatory,{'True': 1},Barcelona,,,1
183,Juan Arce Solorzano,{'': 1},"{'': 1, '1604-08-04': 1}",,Persona,1604,"{'': 1, u'Valladolid': 1}",,Valladolid,"{u'Obra': 1, u'Privilegio/Licencia': 1}",,author,{'True': 1},,,{'true': 1},7
184,"Pedro Fernandez de Castro, Conde de Lemos","{'': 1, 'Ficcion': 17, 'Poesia': 2}",{'': 6},Ficcion,Persona,,{'': 6},"{u'Consejo de Italia': 1, u'Orden de Alcantara': 1, u'Consejo de Indias': 1, u'Condado de Villalba': 1, u'Condado de Andrade': 1, u'Condado de Lemos': 1, u'Marquesado de Sarria': 1}",,{'dedicatory': 6},Poesia,patron,{'True': 1},,"{'Conde de Andrade y Villalva, Marques de Sarria, Gentilhombre de la Camara de su Magestad, Presidente del Consejo Supremo de Italia, Comendador de Cncomienda de la Zarza, de la orden de Alcantara. Pariente del duque de Lerma': 1}",,1
390,Pedro de Campos Guerrero,{'Poesia': 2},{'1603-07-10': 1},Poesia,Persona,1603,{'': 1},,,{u'Privilegio/Licencia': 1},,signatory,{'True': 1},,{'Secretario de gobernacion': 1},,4
222,"Garcia de Mendoza y Zuniga, Fray, Arzobispo de Mexico",{'Poesia': 2},{'1603-09-15': 1},Poesia,Persona,1603,{u'Mexico': 1},"{u'Casa de Zuniga': 1, u'Archidiocesis de Mexico': 1}",,{'dedicatory': 1},,patron,{'True': 1},Mexico,,,4
272,Melchior Ocharte,{'Poesia': 1},{'1604': 1},Poesia,Persona,1604,{u'Mexico': 1},,,{u'Impresion': 1},,printer/editor,{'True': 1},Mexico,,,4
349,Antonio Ávila de la Cadena Arcediano de la nueva Galicia,{'Poesia': 2},{'1602-10-20': 1},Poesia,Persona,1602,{u'Mexico': 1},,,{'dedicatory': 1},,patron,{'True': 1},Mexico,,,4
350,Isabel de Tobar y Guzman,{'Poesia': 2},{'': 1},Poesia,Persona,,{'': 1},,,{u'Carta': 1},,signatory,{'True': 1},,,,4
406,Sebastian Torrero,{'Poesia': 2},{'1603-09-14': 1},Poesia,Persona,1603,{'': 1},,,{u'Privilegio/Licencia': 1},,signatory,{'True': 1},,{'Secretario de de su senoria': 1},,4
353,Diego Lopez Davalos,{'Poesia': 1},{'1604-01-01': 1},Poesia,Persona,1604,{u'Mexico': 1},,,{u'Impresion': 1},,printer/editor,{'True': 1},Mexico,,,4
438,Bernardo de Balbuena,"{'Ficcion': 1, 'Poesia': 2}","{'1603-07-10': 1, '1603-09-14': 1, '1604-01-01': 2, '1607-10-16': 1, '1604-08-11': 1}",Poesia,Persona,1604,"{'': 2, u'Madrid': 1, u'Valladolid': 1, u'Mexico': 2}",,Mexico,"{u'Obra': 2, u'Privilegio/Licencia': 3}",Ficcion,author,{'True': 1},,,{'true': 2},4
327,"Tomas Roca, Fray","{'Teatro': 1, 'Ficcion': 3, 'Poesia': 1}","{'1610-01-01': 1, '1601-10-31': 1, '1617-11-29': 1, '1617-06-04': 1}",Ficcion,Persona,1611,{u'Barcelona': 4},{u'Convento de Santa Caterina': 1},,"{u'Aprobacion': 2, u'Privilegio/Licencia': 2}",Teatro,signatory,{'True': 1},Barcelona,,,0
29,Esteban Liberos,{'Poesia': 1},{'1618-01-01': 1},Poesia,Persona,1618,{u'Barcelona': 1},,,{u'Impresion': 1},,printer/editor,{'True': 1},Barcelona,,,3
407,Antonio de Herrera,{'Poesia': 1},{'1599-01-10': 1},Poesia,Persona,1599,{u'Madrid': 1},,,{u'Aprobacion': 1},,signatory,{'True': 1},Madrid,,,0
15,Diego Gonzalo de Villarroel,{'Ficcion': 2},{'1617-12-12': 1},Ficcion,Persona,1617,{u'Madrid': 1},{u'Consejo de Castilla': 1},,{u'Tasa': 1},,signatory,{'True': 1},Madrid,{'Escribano de Camara': 1},,3
402,Luis Pujol,{'Ficcion': 1},{'1618-01-12': 1},Ficcion,Persona,1618,{u'Barcelona': 1},{u'Compania de Jesus': 1},,{u'Aprobacion': 1},,signatory,{'True': 1},Barcelona,,,3
290,Matias Clavijo,"{'Historia': 1, 'Poesia': 1}","{'1613-01-01': 1, '1615-01-01': 1}",Historia,Persona,1614,{u'Sevilla': 2},,,{u'Impresion': 2},Poesia,printer/editor,{'True': 1},Sevilla,,,3
403,"Hortensio Felix Paravicino, Fray","{'Ficcion': 1, 'Poesia': 3}","{'': 2, '1617-11-16': 1, '1610-05-23': 1}",Poesia,Persona,1613,"{'': 1, u'Madrid': 3}",{u'Convento de la Santisima Trinidad': 1},,{u'Aprobacion': 4},Ficcion,signatory,{'True': 1},Madrid,,,3
226,Joan Simon,{'Ficcion': 2},"{'1617-01-27': 1, '1617-06-04': 1}",Ficcion,Persona,1617,{u'Barcelona': 2},,,{u'Impresion': 2},,printer/editor,{'True': 1},Barcelona,,,1
225,Bautista Sorita,{'Ficcion': 2},"{'1617-06-04': 1, '1617-01-01': 1}",Ficcion,Persona,1617,{u'Barcelona': 2},,,{u'Impresion': 2},,printer/editor,{'True': 1},Barcelona,,,1
425,Pedro Patricio Mey,{'Ficcion': 1},{'1605-07-18': 1},Ficcion,Persona,1605,{u'Valencia': 1},,,{u'Impresion': 1},,printer/editor,{'True': 1},Valencia,,,1
426,"Luis Pellicer, Fray",{'Ficcion': 2},{'1605-07-18': 1},Ficcion,Persona,1605,{u'Valencia': 1},,,{u'Aprobacion': 1},,signatory,{'True': 1},Valencia,,,1
224,Raphael Vives,{'Ficcion': 1},{'1617-01-01': 1},Ficcion,Persona,1617,{u'Barcelona': 1},,,{u'Impresion': 1},,printer/editor,{'True': 1},Barcelona,,,1
416,De Salba,{'Ficcion': 3},{'': 3},Ficcion,Persona,,{u'Barcelona': 3},,,{u'Privilegio/Licencia': 3},,signatory,{'True': 1},Barcelona,,,1
391,Bertolameu da Fonseca,"{'Teatro': 1, 'Ficcion': 1, 'Poesia': 2}","{'1616-08-22': 1, '1609-12-16': 1, '1609-09-23': 1, '1612-01-27': 1, '1618-07-24': 1}",Poesia,Persona,1612,{u'Lisboa': 5},"{u'Consejo de Inquisicion': 1, u'Consejo de Portugal': 1}",,{u'Privilegio/Licencia': 5},Teatro,signatory,{'True': 1},Lisboa,,,5
251,Diego Bermudez,{'Poesia': 1},{'': 1},Poesia,Persona,,{'': 1},,,{'dedicatory': 1},,patron,{'True': 1},,{'Hermano de Juan Bermudez': 1},,5
159,Magalhanes,"{'Teatro': 1, 'Poesia': 1}","{'1610-11-19': 1, '1611-01-14': 1, '1612-01-30': 1}",Teatro,Persona,1611,{u'Lisboa': 3},,,{u'Privilegio/Licencia': 3},Poesia,signatory,{'True': 1},Lisboa,,,5
339,Sarayua,"{'Historia': 1, 'Teatro': 1, 'Poesia': 1}","{'1612-01-27': 1, '1610-11-24': 1, '1609-09-02': 1}",Historia,Persona,1610,"{'': 1, u'Lisboa': 2}",{u'Consejo de Inquisicion': 1},,{u'Privilegio/Licencia': 3},Teatro,signatory,{'True': 1},Lisboa,,,5
392,Pinto,"{'Ficcion': 1, 'Poesia': 1}","{'1610-11-19': 1, '1611-01-14': 1, '1617-01-17': 1}",Ficcion,Persona,1612,{u'Lisboa': 3},,,"{u'Tasa': 1, u'Privilegio/Licencia': 2}",Poesia,signatory,{'True': 1},Lisboa,,,5
116,Luis Machado de Bouvea,"{'Teatro': 1, 'Ficcion': 2, 'Poesia': 1}","{'1616-09-10': 1, '1617-01-21': 1, '1610-11-19': 1, '1612-01-30': 1, '1617-01-17': 1, '1611-01-14': 1}",Ficcion,Persona,1613,"{u'Lisboa': 5, '': 1}",,,"{u'Tasa': 2, u'Privilegio/Licencia': 4}",Teatro,signatory,{'True': 1},Lisboa,,,5
424,Jusepe Ferrer,{'Ficcion': 1},{'1605-07-18': 1},Ficcion,Persona,1605,{u'Valencia': 1},,,{u'Impresion': 1},,printer/editor,{'True': 1},Valencia,,,1
380,Gaspar Lucas Hidalgo,{'Ficcion': 4},"{'1610-01-01': 1, '1603-01-31': 1, '1605-01-01': 1, '1609-01-01': 1, '1618-03-06': 1}",Ficcion,Persona,1609,"{u'Madrid': 2, u'Bruselas': 1, u'Valladolid': 1, u'Barcelona': 2}",,Barcelona,"{u'Obra': 1, u'Privilegio/Licencia': 1}",,author,{'True': 1},Madrid,,{'true': 1},7
281,"Luis de Valdes, Alferez",{'Ficcion': 1},{'': 1},Ficcion,Persona,,{'': 1},,,{u'Otro documento': 1},,signatory,{'True': 1},,,,5
283,"Juan de Mendoza y Velasco, Marques de San German",{'Ficcion': 1},{'': 1},Ficcion,Persona,,{'': 1},{u'Marquesado de San German': 1},,{'dedicatory': 1},,patron,{'True': 1},,"{'Comendador del Campo de Montiel, Gentilhombre de la Camara del Rey, Teniente General de las Guardas y Caballerias de Espana, Capital General de los Reinos de Portugal': 1}",,5
231,"Gomez Suarez de Figueroa y Cordona, Duque de Feria, Virrey de Valencia",{'Ficcion': 2},{'': 1},Ficcion,Persona,,{'': 1},"{u'Marquesado de Villalva': 1, u'Ducado de Feria': 1, u'Virreinato de Valencia': 1}",,{'dedicatory': 1},,patron,{'True': 1},,,,3
322,Francisco Davalos y Orozco,{'Ficcion': 2},{'': 1},Ficcion,Persona,,{'': 1},,,{u'Otro documento': 1},,signatory,{'True': 1},,,,3
323,Tomas Daoiz,{'Ficcion': 2},{'1614-12-26': 1},Ficcion,Persona,1614,{u'Madrid': 1},{u'Santo Tomas de Madrid': 1},,{u'Aprobacion': 1},,signatory,{'True': 1},Madrid,,,3
140,Gonzalo de Cespedes y Meneses,{'Ficcion': 2},"{'1618-01-01': 1, '1615-03-23': 1, '1615-01-24': 1}",Ficcion,Persona,1616,"{u'Madrid': 1, u'Arganda del Rey': 1, u'Barcelona': 1}",,Arganda del Rey,"{u'Obra': 1, u'Privilegio/Licencia': 1}",,author,{'True': 1},Madrid,,{'true': 1},3
247,"Alfonso Remon, Fray",{'Poesia': 1},{'1612-02-18': 1},Poesia,Persona,1612,{u'Madrid': 1},,,{u'Aprobacion': 1},,signatory,{'True': 1},Madrid,,,3
330,Juan de Villaroel,{'Ficcion': 1},{'1617-01-01': 1},Ficcion,Persona,1617,{u'Madrid': 1},,,{u'Impresion': 1},,printer/editor,{'True': 1},Madrid,,,3
87,Estevao Lopez,{'Teatro': 1},{'1605-01-01': 1},Teatro,Persona,1605,{u'Lisboa': 1},,,{u'Impresion': 1},,printer/editor,{'True': 1},Lisboa,,,5
92,Gonzalo Pirez Carvalho,{'Teatro': 1},{'': 1},Teatro,Persona,,{'': 1},,,{'dedicatory': 1},,patron,{'True': 1},,,,5
17,J. de Buschere,{'Ficcion': 4},"{'1607-03-07': 1, '1604-09-20': 1, '1604-01-15': 1, '1607-10-08': 1}",Ficcion,Persona,1605,{u'Bruselas': 4},{u'Consejo de Flandes': 1},,{u'Privilegio/Licencia': 4},,signatory,{'True': 1},Bruselas,,,7
410,Martin Nucio,"{'Teatro': 1, 'Ficcion': 1}","{'1607-01-01': 1, '1605-01-01': 1, '1604-09-20': 1}",Teatro,Persona,1605,"{u'Amberes': 1, u'Bruselas': 1, u'Anvers': 1}",,Bruselas,"{u'Privilegio/Licencia': 1, u'Impresion': 2}",Ficcion,printer/editor,{'True': 1},Amberes,,,0
176,"Ascario Colonna, Cardenal, Virrey de Aragon",{'Ficcion': 1},{'1602-11-12': 1},Ficcion,Persona,1602,{u'Zaragoza': 1},{u'Virreinato de Aragon': 1},,{u'Privilegio/Licencia': 1},,signatory,{'True': 1},Zaragoza,,,7
179,Torralua,{'Ficcion': 1},{'': 1},Ficcion,Persona,,{'': 1},,,{u'Aprobacion': 1},,signatory,{'True': 1},,,,7
90,Francisco Miguel,{'Teatro': 1},{'1605-01-01': 1},Teatro,Persona,1605,{u'Valencia': 1},,,{u'Impresion': 1},,printer/editor,{'True': 1},Valencia,,,0
93,Gaspar Leget,{'Teatro': 1},{'1605-01-01': 1},Teatro,Persona,1605,{u'Valencia': 1},,,{u'Impresion': 1},,printer/editor,{'True': 1},Valencia,,,0
324,Sebastian de Cespedes y Meneses,{'Ficcion': 2},{'': 1},Ficcion,Persona,,{'': 1},,,{u'Otro documento': 1},,signatory,{'True': 1},,,,3
14,Simon Ángel Ufay,"{'Teatro': 1, 'Ficcion': 1}",{'1617-10-19': 2},Teatro,Persona,1617,"{'': 1, u'Madrid': 1}",{u'Consejo de Castilla': 1},Madrid,"{u'Privilegio/Licencia': 1, u'Otro documento': 1}",Ficcion,signatory,{'True': 1},,,,3
434,Vicente Espinel,"{'Teatro': 2, 'Ficcion': 2, 'Poesia': 2}","{'1612-03-27': 1, '1614-10-15': 1, '1609-01-05': 1, '1618-01-01': 1, '1618-01-12': 1}",Teatro,Persona,1614,"{u'Madrid': 4, u'Barcelona': 1}",,Barcelona,"{u'Aprobacion': 3, u'Obra': 1}",Ficcion,author,{'True': 1},Madrid,,{'true': 1},3
375,Juan de Jerez,"{'Teatro': 2, 'Poesia': 2}","{'1615-06-05': 1, '1615-10-19': 1, '1615-06-13': 1}",Teatro,Persona,1615,"{u'Madrid': 2, u'Valladolid': 1}",{u'Consejo de Castilla': 1},Valladolid,"{u'Tasa': 2, u'Privilegio/Licencia': 1}",Poesia,signatory,{'True': 1},Madrid,{'Escribano de Camara': 1},,3
12,Pedro de Tapia,{'Poesia': 4},{'': 1},Poesia,Persona,,{'': 1},{u'Consejo de Inquisicion': 1},,{'dedicatory': 1},,patron,{'True': 1},,{'Oidor de Consejo real y consultor del santo oficio de la Inquisiscion Suprema': 1},,3
229,Rodrigo de Tapia,{'Poesia': 1},,Poesia,Persona,,,{u'Orden de Santiago': 1},,,,,{'True': 1},,"{'Caballero del habito de Santiago, hijo de Pedro de Tapia': 1}",,3
214,Hernando de Vallejo,"{'Teatro': 1, 'Ficcion': 5, 'Poesia': 3}","{'1614-11-17': 1, '1615-10-21': 1, '1616-09-12': 1, '1618-06-25': 1, '1618-01-29': 1, '1617-11-07': 1, '1617-08-18': 1, '1613-08-12': 1, '1618-03-06': 1, '1618-04-09': 1}",Ficcion,Persona,1616,{u'Madrid': 10},{u'Consejo de Castilla': 1},,"{u'Tasa': 8, u'Privilegio/Licencia': 2}",Poesia,signatory,{'True': 1},Madrid,{'Escribano de Camara': 1},,3
431,Alonso Geronimo de Salas Barbadillo,"{'Ficcion': 4, 'Poesia': 1}","{'1613-07-31': 1, '1609-04-01': 1, '1609-02-08': 1}",Ficcion,Persona,1610,{u'Madrid': 3},{u'Consejo de Aragon': 1},,"{u'Aprobacion': 1, u'Obra': 1, u'Privilegio/Licencia': 1}",Poesia,author,{'True': 1},Madrid,,{'true': 1},3
430,Diego de Hortigosa,{'Ficcion': 4},{'1612-08-08': 1},Ficcion,Persona,1612,{'': 1},,,{u'Aprobacion': 1},,signatory,{'True': 1},,"{'Se relaciona con Â¨El Monasterio de la Santisima TrinidadÂ¨, tal vez sea igual que Â¨El Convento de la Santisma TrinidadÂ¨': 1}",,3
146,Pedro Zapata del Marmol,"{'': 1, 'Ficcion': 5}","{'1607-07-17': 1, '1598-11-27': 1, '1603-10-22': 1, '1618-03-13': 1, '1598-08-15': 1, '1599-11-27': 1}",Ficcion,Persona,1603,"{u'Madrid': 5, u'Valladolid': 1}","{u'Consejo de Castilla': 1, u'San Lorenzo el Real de El Escorial': 1}",Valladolid,"{u'Tasa': 5, u'Privilegio/Licencia': 1}",,signatory,{'True': 1},Madrid,{'Escribano de la Camara. Tambien aparece como Pedro Montemayor del Marmol.': 1},,0
262,"Pedro Franqueza, Conde de Villalonga",{'Ficcion': 1},{'1603-09-24': 1},Ficcion,Persona,1603,{u'Valladolid': 1},{u'Condado de Villalonga': 1},,{u'Privilegio/Licencia': 1},,signatory,{'True': 1},Valladolid,,,7
267,Juan de Bonilla,"{'Historia': 1, 'Ficcion': 1}","{'1599-06-22': 1, '1617-04-18': 2}",Historia,Persona,1611,{u'Zaragoza': 3},,,"{u'Privilegio/Licencia': 1, u'Impresion': 2}",Ficcion,printer/editor,{'True': 1},Zaragoza,,,6
104,"Diego Carrillo de Mendoza y Pimentel, Virrey de Aragon",{'Historia': 1},{'1617-04-18': 1},Historia,Persona,1617,{u'Zaragoza': 1},"{u'Marquesado de Gelves': 1, u'Condado de Priego': 1, u'Virreinato de Aragon': 1, u'Consejo de Aragon': 1}",,{u'Privilegio/Licencia': 1},,signatory,{'True': 1},Zaragoza,{'Marques de Gelbes': 1},,6
143,Pedro Morejon,{'Historia': 1},{'1617-04-18': 1},Historia,Persona,1617,{u'Zaragoza': 1},{u'Compania de Jesus': 1},,{u'Obra': 1},,author,{'True': 1},Zaragoza,,{'true': 1},6
141,"Luisa de Padilla y Manrique, Condesa de Aranda",{'Historia': 1},{'': 1},Historia,Persona,,{'': 1},"{u'Condado de Aranda': 1, u'Vizcondado de Rueda': 1}",,{'dedicatory': 1},,patron,{'True': 1},,"{'Vizcondesa de Viota, y Rueda, Senora de la Tenencia de Alcalaten, y de las Boronias de Ventilova, Mizlata y Cortes': 1}",,6
142,Juan de Larombe,{'Historia': 1},{'1617-04-18': 1},Historia,Persona,1617,{u'Zaragoza': 1},,,{u'Impresion': 1},,printer/editor,{'True': 1},Zaragoza,,,6
105,Agustin de Morlanes,{'Historia': 1},{'1617-04-16': 1},Historia,Persona,1617,{u'Zaragoza': 1},,,{u'Aprobacion': 1},,signatory,{'True': 1},Zaragoza,,,6
266,Diego de la Huerta,{'Historia': 1},{'1617-04-13': 1},Historia,Persona,1617,{u'Zaragoza': 1},,,{u'Aprobacion': 1},,signatory,{'True': 1},Zaragoza,,,6
106,"Pedro de Molina, Vicario General de Zaragoza",{'Historia': 1},{'1617-08-15': 1},Historia,Persona,1617,{u'Zaragoza': 1},{u'Archidiocesis de Zaragoza': 1},,{u'Privilegio/Licencia': 1},,signatory,{'True': 1},Zaragoza,,,6
160,Barbosa,"{'Teatro': 1, 'Poesia': 1}","{'1610-11-19': 1, '1611-01-14': 1, '1612-01-30': 1}",Teatro,Persona,1611,{u'Lisboa': 3},,,{u'Privilegio/Licencia': 3},Poesia,signatory,{'True': 1},Lisboa,,,5
285,Sousa,{'Historia': 1},{'1605-02-21': 1},Historia,Persona,1605,{u'Lisboa': 1},,,{u'Privilegio/Licencia': 1},,signatory,{'True': 1},Lisboa,,,5
338,Luis dos Anjos,"{'Historia': 2, 'Ficcion': 1}","{'1616-08-22': 1, '1604-11-26': 1, '1604-11-16': 1}",Historia,Persona,1608,{u'Lisboa': 3},"{u'Consejo de Inquisicion': 1, u'Convento de Sao Francisco': 1}",,"{u'Aprobacion': 2, u'Privilegio/Licencia': 1}",Ficcion,signatory,{'True': 1},Lisboa,,,5
16,Conde de Saldana,{'Poesia': 2},{'': 1},Poesia,Persona,,{'': 1},{u'Condado de Saldana': 1},,{u'Otro documento': 1},,signatory,{'True': 1},,{'Â¿Ana de Mendoza?': 1},,0
428,"Felipe III, Rey de Espana y Portugal","{'Ficcion': 1, 'Poesia': 3}",{'': 2},Poesia,Persona,,{'': 2},"{u'Consejo de Castilla': 1, u'San Lorenzo el Real de El Escorial': 1}",,{'dedicatory': 2},Ficcion,patron,{'True': 1},,,,0
65,Gonzalo de la Vega,"{'': 1, 'Ficcion': 1}",{'1599-03-04': 1},,Persona,1599,{u'Madrid': 1},{u'Consejo de Castilla': 1},,{u'Tasa': 1},Ficcion,signatory,{'True': 1},Madrid,,,6
67,Luis de Salazar,"{'': 1, 'Ficcion': 1, 'Poesia': 4}","{'1598-02-16': 1, '1599-02-16': 2}",Poesia,Persona,1598,"{'': 1, u'Madrid': 1, u'Oliva': 1}",{u'Consejo de Castilla': 1},Madrid,{u'Privilegio/Licencia': 3},,signatory,{'True': 1},,{'Secretario': 1},,0
182,"Julius Cordelles, Vicario General",{'Ficcion': 3},{'1599-04-30': 1},Ficcion,Persona,1599,{u'Barcelona': 1},,,{u'Privilegio/Licencia': 1},,signatory,{'True': 1},Barcelona,,,6
48,"Juan Vicente, Fray",{'Ficcion': 4},{'1599-4-27': 1},Ficcion,Persona,1599,{u'Barcelona': 1},,,{u'Aprobacion': 1},,signatory,{'True': 1},Barcelona,,,6
274,Hieronymo Martin,{'Ficcion': 1},{'1603-01-01': 1},Ficcion,Persona,1603,{u'Tarragona': 1},,,{u'Impresion': 1},,printer/editor,{'True': 1},Tarragona,,,6
276,Roberto,{'Ficcion': 1},{'1603-01-01': 1},Ficcion,Persona,1603,{u'Tarragona': 1},,,{u'Impresion': 1},,printer/editor,{'True': 1},Tarragona,,,6
123,Luis Perez,{'Ficcion': 1},{'1600-01-18': 1},Ficcion,Persona,1600,{u'Lisboa': 1},,,{u'Impresion': 1},,printer/editor,{'True': 1},Lisboa,,,6
124,"Antonio Tarrique, Fray",{'Ficcion': 1},{'1600-01-07': 1},Ficcion,Persona,1600,{u'Lisboa': 1},,,{u'Aprobacion': 1},,signatory,{'True': 1},Lisboa,,,6
126,Juan Martinez,{'Ficcion': 1},{'1601-01-01': 1},Ficcion,Persona,1601,{u'Madrid': 1},,,{u'Impresion': 1},,printer/editor,{'True': 1},Madrid,,,6
432,"Francisco de Rojas, Marques de Poza","{'': 1, 'Ficcion': 9}",{'': 1},Ficcion,Persona,,{'': 1},"{u'Marquesado de Poza': 1, u'Consejo de Hacienda': 1, u'Casa de Monzon': 1}",,{'dedicatory': 1},,patron,{'True': 1},,{'Presidente del Consejo de Hacienda': 1},,6
422,Diogo Gomez Loureiro,{'Ficcion': 1},{'1600-01-04': 1},Ficcion,Persona,1600,{u'Coimbra': 1},,,{u'Impresion': 1},,printer/editor,{'True': 1},Coimbra,,,6
69,Varez de Castro,"{'': 1, 'Ficcion': 2}","{'1599-03-04': 1, '1598-02-16': 1, '1600-01-01': 1}",Ficcion,Persona,1599,{u'Madrid': 3},,,"{u'Privilegio/Licencia': 1, u'Impresion': 2}",,printer/editor,{'True': 1},Madrid,,,6
68,Juan Vazquez de Marmol,"{'': 1, 'Ficcion': 1}",{'': 1},,Persona,,{'': 1},,,{u'Fe de erratas': 1},Ficcion,signatory,{'True': 1},,,,6
73,Galvan,{'Ficcion': 1},{'1599-06-22': 1},Ficcion,Persona,1599,{u'Zaragoza': 1},,,{u'Privilegio/Licencia': 1},,signatory,{'True': 1},Zaragoza,{'Asesor': 1},,6
280,"Mateo de Canseco, vicario general",{'Ficcion': 1},{'1599-06-21': 1},Ficcion,Persona,1599,{u'Zaragoza': 1},,,{u'Privilegio/Licencia': 1},,signatory,{'True': 1},Zaragoza,,,6
250,Antonio dos Anjos,{'Poesia': 1},{'1618-07-19': 1},Poesia,Persona,1618,{u'Lisboa': 1},{u'Consejo de Inquisicion': 1},,{u'Aprobacion': 1},,signatory,{'True': 1},Lisboa,,,5
207,Jorge Rodriguez,"{'Teatro': 1, 'Ficcion': 4, 'Poesia': 1}","{'1605-03-01': 1, '1603-02-26': 1, '1605-01-01': 1, '1618-07-24': 1, '1617-01-17': 1, '1600-01-18': 1}",Ficcion,Persona,1608,{u'Lisboa': 6},,,{u'Impresion': 6},Teatro,printer/editor,{'True': 1},Lisboa,,,5
337,Damiao d'Aguiar,"{'Historia': 2, 'Ficcion': 1}","{'1605-03-27': 1, '1605-03-25': 1, '1605-02-21': 1}",Historia,Persona,1605,{u'Lisboa': 3},{u'Consejo de Inquisicion': 1},,{u'Privilegio/Licencia': 3},Ficcion,signatory,{'True': 1},Lisboa,,,5
286,"Teodosio II, Duque de Braganza y Barcelos",{'Historia': 1},{'': 1},Historia,Persona,,{'': 1},"{u'Ducado de Braganza': 1, u'Ducado de Barcelos': 1}",,{'dedicatory': 1},,patron,{'True': 1},,,,5
20,Costa,"{'Historia': 1, 'Ficcion': 1}","{'1605-03-27': 1, '1605-03-25': 1}",Historia,Persona,1605,{u'Lisboa': 2},{u'Consejo de Inquisicion': 1},,{u'Privilegio/Licencia': 2},Ficcion,signatory,{'True': 1},Lisboa,{'Nombre que aparece en publicaciones de Lisboa': 1},,5
206,"Antonio Freire, Fray","{'Teatro': 1, 'Ficcion': 3, 'Poesia': 1}","{'1605-03-27': 1, '1609-12-15': 1, '1605-02-26': 1, '1604-09-07': 1, '1604-08-26': 1}",Ficcion,Persona,1605,{u'Lisboa': 5},{u'Consejo de Inquisicion': 1},,{u'Aprobacion': 5},Teatro,signatory,{'True': 1},Lisboa,,,5
99,"Fabrico Serbellon, Conde de Castion",{'Ficcion': 2},{'1603-08-26': 1},Ficcion,Persona,1603,{u'Milan': 1},{u'Condado de Castion': 1},,{'dedicatory': 1},,patron,{'True': 1},Milan,{'Senor del Marquesado de Romanan': 1},,6
162,Aloysius Bossius,"{'Ficcion': 2, 'Poesia': 1}",{'': 2},Ficcion,Persona,,{'': 2},,,{u'Privilegio/Licencia': 2},Poesia,signatory,{'True': 1},,{'Tal vez Â´Luis BosiusÂ´ en Latin': 1},,6
165,Agostino Galamini,{'Ficcion': 2},{'': 1},Ficcion,Persona,,{'': 1},,,{u'Privilegio/Licencia': 1},,signatory,{'True': 1},,{'Inquisidor de Milan': 1},,6
167,Pedromartir Locarno,{'Ficcion': 2},{'1603-08-26': 2},Ficcion,Persona,1603,{u'Milan': 2},,,{u'Impresion': 2},,printer/editor,{'True': 1},Milan,,,6
60,Pedro de Velasco,{'Poesia': 1},{'': 1},Poesia,Persona,,{'': 1},,,{'dedicatory': 1},,patron,{'True': 1},,"{'Senor de la villa Cilleruelo y Valle de la ciudad de Hebro, capitan de lanzas de la guardia del excelente seonr condestable de Castilla, governador del estado de Milan': 1}",,6
163,Jeronimo Bordon,"{'Ficcion': 2, 'Poesia': 1}","{'1611-01-01': 1, '1603-08-26': 2}",Ficcion,Persona,1605,{u'Milan': 3},,,{u'Impresion': 3},Poesia,printer/editor,{'True': 1},Milan,,,6
107,Cellers,{'Ficcion': 1},{'': 1},Ficcion,Persona,,{u'Barcelona': 1},{u'Diocesis de Barcelona': 1},,{u'Privilegio/Licencia': 1},,signatory,{'True': 1},Barcelona,{'Vicario General de diocesis de Barcelona': 1},,7
103,Francisco Paulus Alreus,{'Ficcion': 1},{'1602-08-20': 1},Ficcion,Persona,1602,{u'Valencia': 1},,,{u'Privilegio/Licencia': 1},,signatory,{'True': 1},Valencia,,,7
260,Antich Ribera,{'Ficcion': 1},{'1602-08': 1},Ficcion,Persona,1602,{u'Barcelona': 1},,,{u'Impresion': 1},,printer/editor,{'True': 1},Barcelona,,,7
108,Pedro Juan Asensio,{'Ficcion': 1},{'1602-08-08': 1},Ficcion,Persona,1602,{u'Valencia': 1},,,{u'Aprobacion': 1},,signatory,{'True': 1},Valencia,,,7
310,Juan Marti,{'Ficcion': 4},"{'1603-02-26': 1, '1603-08-26': 1, '1604-01-15': 1, '1602-08-20': 1}",Ficcion,Persona,1603,"{u'Lisboa': 1, u'Milan': 1, u'Bruselas': 1, u'Barcelona': 1}",,Milan,{u'Obra': 1},,author,{'True': 1},Lisboa,{'Escribio bajo el pseudomino Mateo Lujan de Sayavedra': 1},{'true': 1},7
6,Jeronimo de Iturralde,{'Teatro': 1},{'1603-12-11': 1},Teatro,Persona,1603,{u'Zaragoza': 1},,,{u'Privilegio/Licencia': 1},,signatory,{'True': 1},Zaragoza,,,7
88,Joannis Laurenti Descartin,{'Teatro': 1},{'1603-10-15': 1},Teatro,Persona,1603,{u'Zaragoza': 1},,,{u'Privilegio/Licencia': 1},,signatory,{'True': 1},Zaragoza,,,7
367,Barrera,{'Historia': 1},{'1617-01-01': 1},Historia,Persona,1617,{u'Cordoba': 1},,,{u'Impresion': 1},,printer/editor,{'True': 1},Cordoba,,,5
257,Jorge de Tovar,"{'Historia': 2, 'Teatro': 1, 'Ficcion': 3, 'Poesia': 6}","{'1614-11-15': 1, '1613-05-18': 1, '1609-03-15': 1, '1612-11-22': 1, '1609-02-08': 1, '1611-12-02': 1, '1614-01-21': 1, '1614-06-30': 1, '1614-10-18': 1, '1611-04-30': 1, '1612-06-03': 1}",Poesia,Persona,1612,"{u'Madrid': 10, u'Aranjuez': 1}",{u'Consejo de Castilla': 1},Aranjuez,{u'Privilegio/Licencia': 11},Ficcion,signatory,{'True': 1},Madrid,,,3
51,Juan Luis de la Cerda,{'Ficcion': 2},{'1611-11-15': 1},Ficcion,Persona,1611,{'': 1},"{u'Compania de Jesus': 1, u'Colegio de Mantua': 1}",,{u'Aprobacion': 1},,signatory,{'True': 1},,{'Toledano. 1560-1643': 1},,0
259,Miguel de Ondarza Zabala,"{'Teatro': 6, 'Ficcion': 1, 'Poesia': 5}","{'1613-02-28': 1, '1610-11-10': 1, '1609-02-10': 1, '1612-12-16': 1, '1604-02-20': 1, '1609-08-11': 1, '1599-03-17': 1, '1612-02-09': 1, '1611-04-14': 1, '1605-07-14': 1, '1609-10-04': 1, '1612-10-11': 1, '1604-07-28': 1, '1611-06-22': 1, '1609-11-18': 1}",Teatro,Persona,1608,"{'': 1, u'Madrid': 11, u'Valladolid': 3}",{u'Consejo de Castilla': 1},Valladolid,"{u'Tasa': 10, u'Privilegio/Licencia': 5}",Poesia,signatory,{'True': 1},Madrid,{'Escribano de Camara': 1},,0
115,Gama,{'Ficcion': 2},"{'1616-09-10': 1, '1617-01-21': 1}",Ficcion,Persona,1616,"{'': 1, u'Lisboa': 1}",,Lisboa,"{u'Tasa': 1, u'Privilegio/Licencia': 1}",,signatory,{'True': 1},,,,5
118,Damiao Viegas,{'Ficcion': 2},"{'1616-08-22': 1, '1616-10-26': 1}",Ficcion,Persona,1616,{'': 2},,,{u'Privilegio/Licencia': 2},,signatory,{'True': 1},,,,5
120,Antonio Diaz Cardoso,"{'Teatro': 1, 'Ficcion': 2}","{'1616-08-22': 1, '1616-10-26': 1, '1612-01-27': 1}",Ficcion,Persona,1614,"{u'Lisboa': 2, '': 1}",{u'Consejo de Portugal': 1},,{u'Privilegio/Licencia': 3},Teatro,signatory,{'True': 1},Lisboa,,,5
117,"Manuel Coelho, Fray",{'Ficcion': 3},"{'': 1, '1616-10-26': 1, '1616-08-22': 1}",Ficcion,Persona,1616,"{'': 2, u'Lisboa': 1}",{u'Consejo de Portugal': 1},Lisboa,"{u'Aprobacion': 1, u'Privilegio/Licencia': 2}",,signatory,{'True': 1},,,,5
138,"Alfonso Lopez de Zuniga y Perez de Guzman, Duque de Bejar",{'Ficcion': 7},{'': 1},Ficcion,Persona,,{'': 1},"{u'Casa de Zuniga': 1, u'Ducado de Bejar': 1, u'Marquesado de Gibraleon': 1, u'Condado de Belalcazar': 1, u'Vizcondado de Puebla de Alcocer': 1, u'Condado de Banares': 1}",,{'dedicatory': 1},,patron,{'True': 1},,"{'Marques de Gibralon, Conde de Belalcazar y Banares, Vizconde de la Puebla de Alcozer, Senor de las villas de Capilla, Curiel y Burguillos': 1}",,1
18,Roger Velpius,"{'Teatro': 1, 'Ficcion': 7}","{'1610-01-01': 1, '1614-01-01': 1, '1610-11-07': 1, '1607-03-07': 2, '1611-01-01': 1, '1614-05-10': 2, '1604-01-15': 2, '1607-10-08': 1, '1600-05-15': 1, '1608-01-01': 1}",Ficcion,Persona,1608,{u'Bruselas': 13},,,"{u'Privilegio/Licencia': 5, u'Impresion': 8}",Teatro,printer/editor,{'True': 1},Bruselas,"{'Impresor de sus Altezas, en el aguila de oro cerca del palacio': 1}",,7
368,Alonso de Ledesma,{'Poesia': 6},"{'1609-12-01': 1, '1616-06-06': 1, '1608-12-16': 1, '1607-02-23': 1, '1615-10-19': 1, '1616-01-01': 1, '1616-08-01': 1, '1611-04-14': 1, '1609-10-04': 1, '1615-06-13': 1}",Poesia,Persona,1612,"{'': 1, u'Madrid': 3, u'Barcelona': 2, u'Valladolid': 1, u'Segovia': 2, u'Lerida': 1}",,Segovia,"{u'Obra': 3, u'Privilegio/Licencia': 2, u'Carta': 2}",,author,{'True': 1},Madrid,{'Natural de Segovia': 1},{'true': 3},3
263,Viuda de Alonso Martin,"{'Ficcion': 2, 'Poesia': 4}","{'1614-11-17': 1, '1614-09-24': 1, '1615-10-19': 1, '1616-01-01': 1, '1614-05-17': 1, '1618-03-06': 1}",Poesia,Persona,1615,{u'Madrid': 6},,,{u'Impresion': 6},Ficcion,printer/editor,{'True': 1},Madrid,,,3
311,Juan Amello,{'Ficcion': 1},{'1602-08': 1},Ficcion,Persona,1602,{u'Barcelona': 1},,,{u'Impresion': 1},,printer/editor,{'True': 1},Barcelona,,,7
261,"Gaspar Mercader y Carroz, Conde de Bunol",{'Ficcion': 4},{'': 1},Ficcion,Persona,,{'': 1},{u'Condado de Bunol': 1},,{'dedicatory': 1},,patron,{'True': 1},,,,7
282,Sebastiao Pereira,{'Ficcion': 1},{'1604-12-04': 1},Ficcion,Persona,1604,{u'Lisboa': 1},,,{u'Privilegio/Licencia': 1},,signatory,{'True': 1},Lisboa,,,5
352,Marcos Teixiera,"{'Historia': 2, 'Teatro': 1, 'Ficcion': 6, 'Poesia': 1}","{'1604-12-04': 1, '1604-09-09': 1, '1605-03-01': 1, '1609-09-23': 1, '1603-02-26': 1, '1604-08-31': 1, '1600-01-04': 1, '1605-03-29': 1, '1600-01-18': 1, '1604-11-23': 1}",Ficcion,Persona,1603,{u'Lisboa': 10},{u'Consejo de Portugal': 1},,{u'Privilegio/Licencia': 10},Historia,signatory,{'True': 1},Lisboa,,,5
243,"Juan Andres Hurtado de Mendoza, V marques de Canete",{'Poesia': 1},{'': 1},Poesia,Persona,,{'': 1},{u'Marquesado de Canete': 1},,{'dedicatory': 1},,patron,{'True': 1},,"{'Montero mayo del rey nuestro senor, y guarda mayor de la ciudad de Cuenca': 1}",,3
212,Juan de la Cuesta,"{'': 1, 'Teatro': 1, 'Ficcion': 11, 'Poesia': 2}","{'': 1, '1607-07-17': 1, '1612-02-09': 1, '1609-02-10': 1, '1605-02-09': 1, '1618-01-01': 1, '1605-01-01': 1, '1615-11-05': 1, '1612-11-06': 1, '1617-08-18': 1, '1618-06-25': 1, '1617-09-24': 1, '1613-08-12': 1, '1617-01-01': 1, '1617-06-25': 1, '1608-06-25': 1, '1605-04-01': 1}",Ficcion,Persona,1612,"{'': 1, u'Madrid': 16}",,,"{u'Privilegio/Licencia': 1, u'Impresion': 15, u'Otro documento': 1}",Poesia,printer/editor,{'True': 1},Madrid,,,3
196,Geronimo Alarcon,{'Ficcion': 2},{'1616-12-23': 1},Ficcion,Persona,1616,{u'Madrid': 1},,,{u'Aprobacion': 1},,signatory,{'True': 1},Madrid,,,0
245,"Pedro Tellez-Giron y Velasco, Duque de Osuna",{'Ficcion': 7},{'': 1},Ficcion,Persona,,{'': 1},"{u'Ducado de Osuna': 1, u'Marquesado de Penafiel': 1, u'Condado de Urena': 1}",,{'dedicatory': 1},,patron,{'True': 1},,"{'Marques de Penafiel, Conde de Urena': 1}",,0
26,Fernando de Ulloa,{'Poesia': 1},{'': 1},Poesia,Persona,,{'': 1},,,{'dedicatory': 1},,patron,{'True': 1},,{'Veinticuatro de Sevilla': 1},,3
25,Andres de Claramont,{'Poesia': 1},"{'1613-01-01': 1, '1611-04-30': 1}",Poesia,Persona,1612,"{u'Sevilla': 1, u'Aranjuez': 1}",,Aranjuez,"{u'Obra': 1, u'Privilegio/Licencia': 1}",,author,{'True': 1},Sevilla,{'Natural de Murcia': 1},{'true': 1},3
420,Juan de Bruschere,"{'Teatro': 1, 'Ficcion': 1}","{'1610-11-07': 1, '1600-05-15': 1}",Teatro,Persona,1605,"{'': 1, u'Bruselas': 1}",{u'Consejo de Flandes': 1},Bruselas,{u'Privilegio/Licencia': 2},Ficcion,signatory,{'True': 1},,,,0
100,"Gutierre de Cetina, Vicario General","{'Teatro': 8, 'Ficcion': 14, 'Poesia': 3}","{'': 1, '1611-03-29': 1, '1614-12-11': 1, '1614-09-16': 1, '1617-07-24': 1, '1615-11-05': 1, '1616-12-19': 1, '1612-12-30': 1, '1614-10-03': 1, '1617-09-24': 1, '1609-08-01': 1, '1612-07-09': 1, '1617-05-16': 1}",Ficcion,Persona,1614,"{'': 1, u'Madrid': 12}",{u'Consejo de Castilla': 1},,{u'Aprobacion': 13},Teatro,signatory,{'True': 1},Madrid,,,3
236,Casilda de Guana Varona,{'Teatro': 4},{'': 1},Teatro,Persona,,{'': 1},,,{'dedicatory': 1},,patron,{'True': 1},,"{'Mujer de Alonso Velez de Guevara. Aparece un poema por un tal Alonso de Guevar en El peregrino indiano, no creo que sea el mismo, sin embargo, hace falta mas investigacion. Ahora van incluidos como dos personas distintas': 1}",,0
151,Viuda de Pedro Bellero,{'Teatro': 1},{'1611-01-01': 1},Teatro,Persona,1611,{u'Amberes': 1},,,{u'Impresion': 1},,printer/editor,{'True': 1},Amberes,,,0
309,Domingo Gonzalez,{'Ficcion': 1},"{'1618-03-06': 1, '1618-01-29': 1}",Ficcion,Persona,1618,{u'Madrid': 2},,,"{u'Privilegio/Licencia': 1, u'Impresion': 1}",,printer/editor,{'True': 1},Madrid,,,7
215,Francisco Murcia de la Llana,"{'': 1, 'Teatro': 4, 'Ficcion': 18, 'Poesia': 14}","{'': 8, '1612-02-08': 1, '1614-05-15': 1, '1604-12-20': 1, '1618-03-13': 1, '1611-04-09': 1, '1615-10-21': 1, '1614-09-20': 1, '1616-12-15': 1, '1613-08-07': 1, '1612-11-02': 1, '1618-06-23': 1, '1614-11-10': 1, '1607-03-07': 1, '1609-03-28': 1, '1617-09-24': 1, '1607-10-16': 1, '1609-11-18': 1, '1618-03-04': 1, '1615-03-20': 1, '1609-02-04': 1, '1612-12-04': 1, '1615-10-13': 1, '1618-04-04': 1, '1615-05-03': 1, '1608-06-25': 1, '1605-04-01': 1}",Ficcion,Persona,1612,"{u'Alcala': 3, '': 8, u'Bruselas': 1, u'Madrid': 22}",{u'Colegio de la Madre de Dios de los Teologos': 1},,"{u'Privilegio/Licencia': 1, u'Fe de erratas': 33}",Poesia,signatory,{'True': 1},Madrid,,,3
98,Juan de Camargo,{'Ficcion': 2},{'1617-08-10': 1},Ficcion,Persona,1617,{u'Madrid': 1},"{u'Orden de San Agustin': 2, u'Consejo de Inquisicion': 1}",,{u'Aprobacion': 1},,signatory,{'True': 1},Madrid,"{'Rector del colegio de donna Maria de Aragon, de la orden de San Agustin y calificador de la general inquisicion': 1}",,3
325,Geronimo Nunez de Leon,"{'Ficcion': 4, 'Poesia': 1}","{'1612-11-06': 1, '1612-05-19': 1, '1617-11-16': 1, '1615-03-23': 1, '1616-12-23': 1}",Ficcion,Persona,1614,"{u'Madrid': 4, u'Aranjuez': 1}",{u'Consejo de Castilla': 1},Aranjuez,"{u'Tasa': 4, u'Privilegio/Licencia': 1}",Poesia,signatory,{'True': 1},Madrid,{'Escribano de Camara': 1},,3
441,Cristobal Suarez de Figueroa,"{'Ficcion': 2, 'Poesia': 1}","{'1617-08-09': 1, '1612-05-19': 1, '1617-11-16': 1, '1612-11-06': 1, '1618-04-19': 1}",Ficcion,Persona,1615,"{u'Madrid': 3, u'Aranjuez': 1, u'Barcelona': 1}",,Barcelona,"{u'Obra': 2, u'Privilegio/Licencia': 2}",Poesia,author,{'True': 1},Madrid,,{'true': 2},3
101,Pedro de Contreras,"{'Ficcion': 7, 'Poesia': 2}","{'1615-11-21': 1, '1615-03-30': 1, '1616-09-24': 1, '1617-08-09': 1, '1617-06-25': 1, '1615-01-24': 1, '1617-11-26': 1, '1617-01-19': 1}",Ficcion,Persona,1616,"{u'Madrid': 7, u'Arganda del Rey': 1}",{u'Consejo de Castilla': 1},Arganda del Rey,{u'Privilegio/Licencia': 8},Poesia,signatory,{'True': 1},Madrid,,,3
5,"Gabriel Blasco de Alagon, conde de Sastago",{'Teatro': 1},{'': 1},Teatro,Persona,,{'': 1},{u'Condado de Sastago': 1},,{'dedicatory': 1},,patron,{'True': 1},,"{'Senor de las baronias de Espes y Escuer, camarlengo del Rey': 1}",,7
180,Juan Briz Martinez,"{'Teatro': 1, 'Ficcion': 1}","{'1602-11-08': 1, '1603-04-11': 1}",Teatro,Persona,1602,{u'Zaragoza': 2},,,{u'Aprobacion': 2},Ficcion,signatory,{'True': 1},Zaragoza,,,7
86,Alonso Vaca de Santiago,{'Teatro': 2},{'1604-07-07': 1},Teatro,Persona,1604,{u'Valladolid': 1},,,{u'Fe de erratas': 1},,signatory,{'True': 1},Valladolid,,,0
3,Bernardo Grassa,{'Teatro': 7},,Teatro,Persona,,,,,,,,{'True': 1},,,,0
370,Onofre de Requesens,"{'Ficcion': 1, 'Poesia': 1}","{'1618-04-19': 1, '1616-08-01': 1}",Ficcion,Persona,1617,{u'Barcelona': 2},"{u'Convento de Santa Caterina': 1, u'Orden de los predicadores': 1, u'Diocesis de Barcelona': 1}",,{u'Aprobacion': 2},Poesia,signatory,{'True': 1},Barcelona,{'Prior del Convento de Santa Caterina': 1},,3
153,Sebastian de Cormellas,"{'Teatro': 2, 'Ficcion': 5, 'Poesia': 1}","{'1618-01-12': 1, '1618-01-01': 1, '1605-01-01': 1, '1616-01-01': 1, '1611-01-01': 1, '1602-01-01': 1, '1600-01-01': 1, '1616-08-01': 1}",Ficcion,Persona,1610,"{u'Madrid': 1, u'Barcelona': 8}",,Madrid,{u'Impresion': 8},Teatro,printer/editor,{'True': 1},Barcelona,,,3
271,"Antonio Castro, Vicario General de Lerida",{'Ficcion': 2},{'1611-01-04': 1},Ficcion,Persona,1611,{u'Lerida': 1},{u'Diocesis de Lerida': 1},,{u'Aprobacion': 1},,signatory,{'True': 1},Lerida,,,7
354,Luis Menescal,"{'Ficcion': 3, 'Poesia': 1}","{'1611-02-04': 1, '1612-01-01': 1, '1616-06-06': 1, '1615-01-01': 1}",Ficcion,Persona,1613,{u'Lerida': 4},,,{u'Impresion': 4},Poesia,printer/editor,{'True': 1},Lerida,,,7
355,Geronimo Margarit,"{'Ficcion': 3, 'Poesia': 1}","{'1618-04-19': 1, '1607-02-23': 1, '1612-01-01': 1, '1609-01-01': 1}",Ficcion,Persona,1611,"{u'Lerida': 1, u'Barcelona': 3}",,Lerida,{u'Impresion': 4},Poesia,printer/editor,{'True': 1},Barcelona,,,7
147,Tomas Gracian Dantisco,"{'': 1, 'Ficcion': 8}","{'1604-08-04': 1, '1603-05-15': 1, '1603-11-25': 1, '1604-08-02': 1, '1603-12-11': 1}",Ficcion,Persona,1603,{u'Valladolid': 5},,,"{u'Aprobacion': 4, u'Privilegio/Licencia': 1}",,signatory,{'True': 1},Valladolid,,,7
209,Ruy Pirez da Veiga,"{'Historia': 2, 'Teatro': 2, 'Ficcion': 6, 'Poesia': 1}","{'1604-12-04': 1, '1604-09-09': 1, '1605-03-01': 1, '1605-03-29': 1, '1603-02-26': 1, '1604-08-31': 1, '1609-12-16': 1, '1600-01-04': 1, '1612-01-27': 1, '1600-01-18': 1, '1604-11-23': 1}",Ficcion,Persona,1604,{u'Lisboa': 11},{u'Consejo de Portugal': 1},,{u'Privilegio/Licencia': 11},Historia,signatory,{'True': 1},Lisboa,,,5
39,Pedro Crasbeeck,"{'Historia': 2, 'Teatro': 1, 'Ficcion': 2}","{'1612-01-30': 1, '1605-03-08': 1, '1604-12-04': 1, '1605-03-29': 1, '1609-09-02': 1}",Historia,Persona,1607,{u'Lisboa': 5},,,{u'Impresion': 5},Ficcion,printer/editor,{'True': 1},Lisboa,,,5
70,Mateo Aleman,"{'': 1, 'Ficcion': 11}","{'1604-12-04': 2, '1603-01-01': 1, '1599-04-30': 1, '1599-06-22': 1, '1603-08-26': 1, '1601-01-01': 1, '1600-01-04': 1, '1600-01-01': 2, '1598-02-16': 1, '1600-05-15': 1, '1600-01-18': 1}",Ficcion,Persona,1600,"{u'Zaragoza': 1, u'Tarragona': 1, u'Madrid': 4, u'Bruselas': 1, u'Barcelona': 2, u'Milan': 1, u'Coimbra': 1, u'Lisboa': 3}",,Lisboa,"{u'Obra': 2, u'Privilegio/Licencia': 2}",,author,{'True': 1},Madrid,,{'true': 2},6
344,Giraldo Dotil,{'Ficcion': 1},{'1599-04-30': 1},Ficcion,Persona,1599,{u'Barcelona': 1},,,{u'Impresion': 1},,printer/editor,{'True': 1},Barcelona,,,6
144,Gabriel Graells,{'Ficcion': 1},{'1599-04-30': 1},Ficcion,Persona,1599,{u'Barcelona': 1},,,{u'Impresion': 1},,printer/editor,{'True': 1},Barcelona,,,6
47,Jeronimo Genoves,{'Ficcion': 1},{'1599-04-30': 1},Ficcion,Persona,1599,{u'Barcelona': 1},,,{u'Impresion': 1},,printer/editor,{'True': 1},Barcelona,,,6
366,"Diego de Mardones, Obispo de Cordoba",{'Historia': 1},{'1613-03-06': 1},Historia,Persona,1613,{u'Cordoba': 1},{u'Diocesis de Cordoba': 1},,{u'Privilegio/Licencia': 1},,signatory,{'True': 1},Cordoba,,,5
256,Francisco de Castro,{'Historia': 1},{'1613-01-26': 1},Historia,Persona,1613,{u'Cordoba': 1},{u'Compania de Jesus': 1},,{u'Aprobacion': 1},,signatory,{'True': 1},Cordoba,,,5
102,Pedro de Valencia,"{'Historia': 2, 'Ficcion': 1}","{'1613-05-05': 1, '1614-01-06': 1, '1617-06-10': 1}",Historia,Persona,1614,{u'Madrid': 3},{u'Consejo de Castilla': 1},,{u'Aprobacion': 3},Ficcion,signatory,{'True': 1},Madrid,{'Coronista del Rey': 1},,5
336,El Inca Garcilaso de la Vega,{'Historia': 3},"{'1609-09-02': 1, '1605-03-08': 1, '1617-01-01': 1}",Historia,Persona,1610,"{u'Lisboa': 2, u'Cordoba': 1}",,Cordoba,{u'Obra': 3},,author,{'True': 1},Lisboa,,{'true': 3},5
66,"Diego Davilo, Fray","{'': 1, 'Ficcion': 2}",{'1598-01-13': 1},Ficcion,Persona,1598,{u'Madrid': 1},{u'Consejo de Castilla': 1},,{u'Aprobacion': 1},,signatory,{'True': 1},Madrid,,,6
433,Alonso de Barros,"{'': 1, 'Ficcion': 10}",{'': 1},Ficcion,Persona,,{'': 1},,,{u'Otro documento': 1},,signatory,{'True': 1},,,,6
4,"Pedro de Moya, vicario general",{'Teatro': 1},{'1603-12-11': 1},Teatro,Persona,1603,{u'Zaragoza': 1},{u'Archidiocesis de Zaragoza': 1},,{u'Privilegio/Licencia': 1},,signatory,{'True': 1},Zaragoza,,,7
177,Angelo Tavanno,"{'Teatro': 1, 'Ficcion': 1}","{'1602-11-12': 1, '1603-10-15': 1, '1604-01-01': 1}",Teatro,Persona,1603,{u'Zaragoza': 3},,,"{u'Privilegio/Licencia': 2, u'Impresion': 1}",Ficcion,printer/editor,{'True': 1},Zaragoza,,,7
